student_id,avg_sgpa,sgpa_std,trend_slope,completed_credits,remaining_credits,target_cgpa,required_sgpa,performance_level,chance_label
1,9.22,0.26,0.062,114.0,80.0,8.93,8.52,Excellent,High
2,9.72,0.3,0.199,100.0,46.0,9.59,9.32,Excellent,High
3,5.03,0.64,-0.221,114.0,110.0,5.56,6.11,Below Average,Low
4,9.09,0.31,0.067,134.0,66.0,9.47,10.25,Excellent,Low
5,6.93,0.4,-0.355,98.0,108.0,8.36,9.66,Average,Low
6,4.97,0.21,-0.42,42.0,18.0,5.45,6.57,Below Average,Low
7,8.7,0.13,-0.26,44.0,22.0,8.32,7.57,Excellent,High
8,5.72,0.3,-0.154,88.0,22.0,6.85,11.37,Average,Low
9,6.84,0.27,-0.015,126.0,72.0,6.82,6.79,Average,Medium
10,4.19,0.56,-0.334,104.0,80.0,5.11,6.31,Below Average,Low
11,7.26,0.22,0.068,106.0,80.0,6.27,4.96,Good,High
12,6.93,0.3,-0.355,58.0,92.0,8.61,9.67,Average,Low
13,7.13,0.27,0.075,100.0,68.0,8.91,11.53,Good,Low
14,7.08,0.1,-0.2,40.0,38.0,8.89,10.8,Good,Low
15,9.48,0.47,0.495,66.0,42.0,8.87,7.92,Excellent,High
16,5.26,0.47,0.233,128.0,68.0,6.87,9.9,Below Average,Low
17,5.52,0.53,-0.211,104.0,114.0,5.15,4.82,Average,Medium
18,5.85,0.2,0.24,72.0,48.0,5.34,4.58,Average,High
19,5.7,0.41,0.136,126.0,26.0,6.85,12.4,Average,Low
20,4.58,0.58,-0.64,70.0,78.0,5.33,6.0,Below Average,Low
21,5.41,0.63,0.336,140.0,22.0,7.39,19.99,Below Average,Low
22,6.52,0.19,0.065,96.0,110.0,8.39,10.02,Average,Low
23,5.68,0.27,0.139,94.0,108.0,7.38,8.86,Average,Low
24,8.02,0.27,0.118,84.0,66.0,8.55,9.23,Good,Low
25,7.44,0.1,0.039,96.0,84.0,6.77,6.0,Good,High
26,5.55,0.46,-0.403,78.0,122.0,5.82,6.0,Average,Low
27,9.78,0.38,0.11,138.0,44.0,9.11,7.0,Excellent,High
28,9.52,0.33,-0.129,134.0,40.0,9.33,8.7,Excellent,Medium
29,5.2,0.41,0.164,142.0,114.0,5.54,5.97,Below Average,Medium
30,4.89,0.23,-0.46,38.0,82.0,5.98,6.49,Below Average,Low
31,8.84,0.4,0.005,108.0,40.0,8.69,8.28,Excellent,Medium
32,5.0,0.51,0.192,86.0,100.0,5.52,5.97,Below Average,Medium
33,8.97,0.37,-0.151,136.0,116.0,9.09,9.23,Excellent,Medium
34,7.59,0.48,0.221,134.0,46.0,6.7,4.1,Good,High
35,8.32,0.53,-0.467,88.0,76.0,8.76,9.26,Good,Low
36,9.16,0.22,0.44,38.0,86.0,8.83,8.68,Excellent,High
37,7.65,0.09,-0.005,62.0,70.0,8.38,9.03,Good,Low
38,8.58,0.35,0.301,90.0,92.0,8.06,7.55,Excellent,High
39,5.93,0.3,0.114,110.0,80.0,5.34,4.53,Average,High
40,6.21,0.12,-0.03,90.0,124.0,5.92,5.71,Average,Medium
41,9.59,0.51,0.535,54.0,20.0,9.35,8.71,Excellent,High
42,7.11,0.55,-0.347,88.0,104.0,7.59,8.0,Good,Low
43,6.25,0.37,-0.445,78.0,92.0,7.17,7.95,Average,Low
44,7.47,0.16,-0.106,86.0,102.0,9.27,10.79,Good,Low
45,9.1,0.27,0.009,110.0,20.0,9.63,12.53,Excellent,Low
46,8.04,0.47,0.142,130.0,82.0,9.88,12.79,Good,Low
47,7.05,0.28,-0.56,44.0,70.0,7.92,8.47,Good,Low
48,6.18,0.67,-0.271,128.0,44.0,6.84,8.76,Average,Low
49,5.58,0.26,-0.147,88.0,92.0,5.22,4.88,Average,Medium
50,4.89,0.37,0.097,128.0,20.0,5.04,6.0,Below Average,Low
51,6.86,0.17,-0.35,48.0,46.0,7.59,8.35,Average,Low
52,7.28,0.14,0.075,68.0,22.0,8.07,10.51,Good,Low
53,7.47,0.18,-0.101,106.0,108.0,8.25,9.02,Good,Low
54,8.53,0.45,-0.398,80.0,60.0,9.55,10.91,Excellent,Low
55,4.69,0.3,0.088,124.0,64.0,6.13,8.91,Below Average,Low
56,7.8,0.56,0.23,66.0,48.0,8.22,8.8,Good,Medium
57,9.06,0.37,0.227,112.0,44.0,9.25,9.74,Excellent,Medium
58,4.66,0.16,0.085,68.0,112.0,5.96,6.75,Below Average,Low
59,9.17,0.33,0.188,108.0,26.0,9.98,13.36,Excellent,Low
60,4.96,0.2,0.39,46.0,108.0,5.79,6.14,Below Average,Medium
61,6.92,0.69,-0.398,128.0,106.0,7.29,7.74,Average,Low
62,5.24,0.32,-0.258,88.0,126.0,6.9,8.06,Below Average,Low
63,6.44,0.56,-0.248,134.0,108.0,8.08,10.11,Average,Low
64,5.47,0.16,0.185,68.0,18.0,6.56,10.69,Below Average,Low
65,7.5,0.19,-0.17,76.0,90.0,7.0,6.58,Good,Medium
66,4.45,0.45,-0.027,110.0,22.0,5.65,11.66,Below Average,Low
67,8.57,0.31,0.094,126.0,102.0,9.67,11.03,Excellent,Low
68,9.66,0.13,-0.021,90.0,18.0,9.48,8.56,Excellent,High
69,6.65,0.3,-0.023,108.0,22.0,7.09,9.25,Average,Low
70,5.29,0.42,0.85,48.0,20.0,6.77,10.33,Below Average,Low
71,5.65,0.06,-0.07,60.0,42.0,7.52,10.19,Average,Low
72,8.77,0.57,0.27,126.0,94.0,9.14,9.63,Excellent,Medium
73,9.78,0.22,0.072,86.0,44.0,9.05,7.63,Excellent,High
74,8.97,0.13,-0.26,48.0,84.0,9.14,9.24,Excellent,Medium
75,5.01,0.19,-0.014,108.0,120.0,5.89,6.69,Below Average,Low
76,8.15,0.15,0.29,44.0,92.0,7.36,6.98,Good,High
77,6.57,0.15,-0.15,64.0,24.0,6.71,7.07,Average,Medium
78,8.43,0.21,0.025,96.0,38.0,8.8,9.73,Good,Low
79,4.57,0.36,-0.095,116.0,84.0,5.3,6.31,Below Average,Low
80,6.9,0.31,0.081,124.0,22.0,8.73,19.02,Average,Low
81,7.42,0.43,-0.021,130.0,66.0,6.78,5.51,Good,High
82,6.31,0.07,-0.15,36.0,22.0,5.99,5.47,Average,Medium
83,7.95,0.89,0.72,70.0,108.0,8.53,8.91,Good,Medium
84,7.45,0.31,0.087,118.0,122.0,8.86,10.22,Good,Low
85,7.83,0.36,0.123,84.0,90.0,6.96,6.15,Good,High
86,5.41,0.46,0.475,64.0,38.0,5.62,5.97,Below Average,Medium
87,6.03,0.45,0.03,102.0,112.0,5.72,5.44,Average,Medium
88,7.17,0.31,-0.008,132.0,50.0,6.38,4.29,Good,High
89,5.21,0.38,-0.071,122.0,94.0,5.34,5.51,Below Average,Medium
90,8.18,0.22,-0.025,144.0,20.0,8.14,7.88,Good,Medium
91,4.71,0.38,-0.76,44.0,88.0,6.46,7.33,Below Average,Low
92,7.55,0.46,0.53,64.0,106.0,7.59,7.61,Good,High
93,7.34,0.52,-0.134,110.0,46.0,7.86,9.1,Good,Low
94,4.95,0.25,-0.081,114.0,68.0,5.9,7.49,Below Average,Low
95,6.65,0.37,0.045,68.0,66.0,7.55,8.48,Average,Low
96,5.81,0.25,0.5,50.0,120.0,7.16,7.72,Average,Low
97,4.98,0.34,-0.26,72.0,52.0,5.39,5.96,Below Average,Low
98,8.69,0.69,-0.239,128.0,18.0,9.87,18.28,Excellent,Low
99,7.28,0.44,0.17,72.0,112.0,8.52,9.31,Good,Low
100,5.18,0.25,-0.49,46.0,90.0,5.38,5.48,Below Average,Low
101,7.22,0.24,-0.07,116.0,78.0,7.81,8.68,Good,Low
102,6.39,0.14,0.155,66.0,38.0,6.07,5.51,Average,High
103,6.0,0.21,-0.41,46.0,26.0,5.86,5.61,Average,Medium
104,6.08,0.17,0.33,44.0,24.0,5.21,3.61,Average,High
105,4.79,0.18,0.04,70.0,72.0,6.14,7.45,Below Average,Low
106,4.91,0.41,0.054,132.0,18.0,6.83,20.88,Below Average,Low
107,7.77,0.08,0.17,48.0,50.0,8.7,9.59,Good,Low
108,8.85,0.47,-0.28,66.0,116.0,7.96,7.46,Excellent,High
109,7.29,0.41,-0.355,72.0,18.0,6.56,3.64,Good,High
110,4.79,0.25,-0.061,116.0,20.0,6.05,13.35,Below Average,Low
111,7.31,0.24,-0.48,44.0,74.0,6.48,5.98,Good,Medium
112,6.76,0.24,0.162,94.0,40.0,8.1,11.25,Average,Low
113,8.63,0.35,0.172,106.0,110.0,8.96,9.28,Excellent,Medium
114,6.43,0.45,-0.251,126.0,104.0,5.88,5.22,Average,Medium
115,6.86,0.65,0.331,110.0,40.0,8.44,12.8,Average,Low
116,7.71,0.32,-0.217,92.0,114.0,8.39,8.94,Good,Low
117,8.83,0.19,0.123,116.0,106.0,9.04,9.27,Excellent,Medium
118,5.94,0.28,0.335,60.0,118.0,7.6,8.44,Average,Low
119,8.4,0.41,0.164,116.0,90.0,9.97,11.99,Good,Low
120,8.36,0.26,0.29,70.0,26.0,8.47,8.77,Good,Medium
121,6.32,0.41,-0.445,64.0,104.0,7.29,7.89,Average,Low
122,8.49,0.21,-0.41,48.0,26.0,8.52,8.57,Good,Low
123,9.27,0.26,-0.019,106.0,50.0,9.22,9.11,Excellent,Medium
124,6.49,0.06,0.019,84.0,40.0,8.01,11.2,Average,Low
125,9.33,0.21,-0.062,128.0,22.0,8.45,3.32,Excellent,High
126,6.24,0.08,0.16,44.0,24.0,6.99,8.36,Average,Low
127,7.36,0.41,0.445,62.0,78.0,6.43,5.69,Good,High
128,8.64,0.26,-0.119,122.0,64.0,8.76,8.98,Excellent,Medium
129,6.57,0.19,-0.39,42.0,62.0,6.92,7.16,Average,Low
130,7.3,0.44,0.239,128.0,66.0,6.44,4.77,Good,High
131,5.17,0.68,0.569,88.0,68.0,6.49,8.2,Below Average,Low
132,7.94,0.26,0.315,60.0,40.0,9.77,12.51,Good,Low
133,8.53,0.45,-0.017,122.0,108.0,9.33,10.23,Excellent,Low
134,4.96,0.08,0.17,44.0,88.0,6.14,6.73,Below Average,Low
135,6.9,0.5,1.0,38.0,94.0,6.93,6.94,Average,High
136,5.97,0.47,-0.271,110.0,48.0,6.58,7.99,Average,Low
137,6.82,0.69,0.35,130.0,114.0,8.76,10.98,Average,Low
138,7.36,0.18,0.37,48.0,44.0,7.39,7.42,Good,High
139,5.64,0.23,0.114,104.0,76.0,7.25,9.45,Average,Low
140,7.8,0.54,0.162,138.0,22.0,8.34,11.71,Good,Low
141,6.08,0.18,0.37,46.0,90.0,5.09,4.59,Average,High
142,9.01,0.07,-0.13,46.0,110.0,8.73,8.61,Excellent,Medium
143,6.0,0.64,0.54,64.0,40.0,7.22,9.17,Average,Low
144,7.86,0.12,0.25,38.0,90.0,8.59,8.9,Good,Medium
145,4.56,0.3,0.045,70.0,44.0,5.03,5.78,Below Average,Low
146,8.24,0.38,-0.113,138.0,106.0,9.51,11.17,Good,Low
147,5.59,0.62,-0.501,94.0,80.0,5.7,5.83,Average,Low
148,8.33,0.78,-0.417,90.0,70.0,8.07,7.74,Good,Medium
149,9.24,0.16,0.064,88.0,22.0,9.05,8.28,Excellent,High
150,7.72,0.36,-0.44,62.0,22.0,8.92,12.29,Good,Low
151,8.4,0.06,-0.12,44.0,72.0,8.42,8.44,Good,Medium
152,8.81,0.47,0.95,52.0,42.0,9.89,11.22,Excellent,Low
153,6.84,0.15,-0.078,86.0,90.0,6.99,7.13,Average,Medium
154,5.27,0.2,-0.39,42.0,98.0,7.21,8.04,Below Average,Low
155,4.44,0.43,-0.271,90.0,114.0,5.68,6.66,Below Average,Low
156,7.41,0.42,0.19,60.0,64.0,9.09,10.67,Good,Low
157,8.3,0.61,-1.22,46.0,60.0,8.21,8.14,Good,Low
158,7.53,0.43,-0.004,118.0,48.0,7.03,5.8,Good,High
159,6.94,0.31,0.025,130.0,24.0,6.72,5.53,Average,High
160,9.41,0.12,0.24,40.0,66.0,9.61,9.73,Excellent,Medium
161,8.82,0.32,0.12,144.0,48.0,8.3,6.74,Excellent,High
162,4.84,0.26,-0.14,104.0,20.0,6.82,17.14,Below Average,Low
163,7.95,0.79,0.374,136.0,96.0,9.42,11.5,Good,Low
164,7.02,0.7,0.247,116.0,78.0,7.64,8.56,Good,Low
165,6.78,0.57,0.221,118.0,22.0,6.59,5.57,Average,High
166,6.44,0.24,-0.49,44.0,62.0,6.25,6.12,Average,Medium
167,6.02,0.3,-0.6,48.0,100.0,7.93,8.85,Average,Low
168,8.15,0.13,-0.1,64.0,20.0,9.45,13.61,Good,Low
169,5.77,0.5,0.167,136.0,54.0,6.5,8.34,Average,Low
170,7.05,0.25,-0.028,130.0,66.0,8.6,11.65,Good,Low
171,7.93,0.55,0.417,78.0,68.0,7.54,7.1,Good,High
172,9.53,0.16,0.081,102.0,20.0,9.96,12.15,Excellent,Low
173,8.86,0.48,-0.233,136.0,88.0,8.43,7.77,Excellent,Medium
174,8.56,0.36,0.44,66.0,102.0,7.93,7.52,Excellent,High
175,8.32,0.35,0.164,86.0,82.0,9.89,11.53,Good,Low
176,7.72,0.42,-0.235,104.0,76.0,7.45,7.08,Good,Medium
177,5.28,0.32,-0.064,106.0,68.0,6.17,7.56,Below Average,Low
178,7.55,0.23,0.186,94.0,44.0,8.67,11.06,Good,Low
179,6.69,0.55,-0.445,72.0,78.0,6.48,6.28,Average,Medium
180,5.5,0.2,-0.018,138.0,38.0,5.68,6.34,Below Average,Medium
181,6.25,0.04,-0.08,46.0,24.0,7.82,10.84,Average,Low
182,6.84,0.72,0.506,96.0,36.0,7.08,7.72,Average,Medium
183,8.96,0.15,0.165,68.0,98.0,9.38,9.67,Excellent,Medium
184,5.3,0.28,-0.3,64.0,106.0,6.17,6.69,Below Average,Low
185,7.92,0.43,-0.244,130.0,60.0,9.57,13.14,Good,Low
186,4.29,0.14,-0.101,84.0,116.0,6.29,7.74,Below Average,Low
187,4.59,0.29,-0.11,82.0,24.0,6.01,10.86,Below Average,Low
188,8.28,0.25,-0.135,62.0,72.0,9.3,10.18,Good,Low
189,5.7,0.15,0.073,116.0,114.0,5.58,5.45,Average,Medium
190,8.27,0.4,-0.177,100.0,114.0,8.03,7.82,Good,Medium
191,7.79,0.11,0.011,94.0,110.0,9.48,10.93,Good,Low
192,7.11,0.35,-0.204,90.0,96.0,8.69,10.17,Good,Low
193,6.45,0.24,-0.086,138.0,110.0,7.36,8.5,Average,Low
194,6.64,0.27,0.203,92.0,116.0,8.23,9.49,Average,Low
195,8.29,0.47,-0.16,56.0,60.0,7.78,7.31,Good,Medium
196,4.01,0.64,-0.421,118.0,44.0,5.28,8.69,Below Average,Low
197,4.85,0.14,0.033,118.0,66.0,5.37,6.31,Below Average,Low
198,8.42,0.29,-0.105,142.0,24.0,8.14,6.48,Good,High
199,6.09,0.35,0.311,86.0,108.0,6.42,6.68,Average,Medium
200,9.11,0.52,0.635,64.0,18.0,9.89,12.65,Excellent,Low
201,4.64,0.31,0.375,64.0,110.0,6.21,7.12,Below Average,Low
202,6.66,0.54,-0.343,112.0,44.0,6.67,6.69,Average,Medium
203,8.55,0.2,-0.115,94.0,106.0,9.39,10.13,Excellent,Low
204,7.3,0.48,0.272,104.0,120.0,6.43,5.68,Good,High
205,6.83,0.18,-0.36,42.0,24.0,8.61,11.73,Average,Low
206,8.38,0.12,-0.23,42.0,100.0,8.98,9.23,Good,Low
207,6.33,0.2,0.115,72.0,112.0,6.18,6.08,Average,Medium
208,6.66,0.51,0.328,96.0,40.0,6.68,6.73,Average,Medium
209,4.49,0.36,-0.154,130.0,68.0,5.66,7.9,Below Average,Low
210,5.59,0.17,-0.055,62.0,88.0,6.85,7.74,Average,Low
211,8.93,0.33,-0.135,56.0,64.0,9.72,10.41,Excellent,Low
212,4.75,0.32,0.021,108.0,70.0,6.63,9.53,Below Average,Low
213,8.85,0.39,-0.238,126.0,22.0,9.13,10.73,Excellent,Low
214,7.88,0.28,-0.55,52.0,84.0,7.6,7.43,Good,Medium
215,4.45,0.29,0.065,66.0,100.0,6.21,7.37,Below Average,Low
216,9.08,0.5,-0.068,122.0,114.0,8.22,7.3,Excellent,High
217,5.51,0.44,0.195,92.0,94.0,6.3,7.07,Average,Low
218,7.59,0.35,0.425,62.0,52.0,7.87,8.21,Good,Medium
219,6.55,0.42,0.018,110.0,64.0,8.48,11.8,Average,Low
220,6.62,0.81,0.489,104.0,22.0,8.44,17.04,Average,Low
221,7.76,0.67,0.755,58.0,18.0,8.75,11.94,Good,Low
222,6.58,0.45,0.286,106.0,48.0,6.78,7.21,Average,Medium
223,4.61,0.09,-0.04,66.0,24.0,6.32,11.01,Below Average,Low
224,5.41,0.63,0.349,144.0,106.0,5.14,4.77,Below Average,High
225,7.81,0.59,0.211,106.0,116.0,7.62,7.44,Good,High
226,4.3,0.62,-0.75,62.0,112.0,5.79,6.61,Below Average,Low
227,5.54,0.42,0.185,68.0,62.0,6.71,7.99,Average,Low
228,5.56,0.55,0.197,124.0,38.0,7.38,13.32,Average,Low
229,7.05,0.63,1.26,42.0,20.0,6.2,4.42,Good,High
230,7.68,0.36,0.165,116.0,120.0,8.58,9.45,Good,Low
231,6.08,0.37,0.002,112.0,64.0,5.52,4.54,Average,High
232,8.72,0.34,-0.137,126.0,106.0,9.28,9.95,Excellent,Low
233,8.64,0.73,0.351,144.0,82.0,8.34,7.82,Excellent,High
234,7.6,0.36,0.17,130.0,68.0,8.7,10.8,Good,Low
235,6.37,0.39,0.066,110.0,78.0,5.56,4.41,Average,High
236,5.22,0.17,-0.064,76.0,36.0,5.4,5.77,Below Average,Medium
237,7.73,0.51,-1.03,44.0,24.0,7.35,6.66,Good,Low
238,5.48,0.18,0.215,68.0,62.0,5.73,6.01,Below Average,Medium
239,5.23,0.63,-0.321,92.0,20.0,7.2,16.25,Below Average,Low
240,5.61,0.49,0.48,64.0,20.0,7.11,11.91,Average,Low
241,6.16,0.38,0.011,88.0,50.0,7.87,10.88,Average,Low
242,4.9,0.23,-0.016,100.0,110.0,6.08,7.16,Below Average,Low
243,8.67,0.37,-0.012,136.0,76.0,8.8,9.02,Excellent,Medium
244,4.93,0.24,-0.24,56.0,26.0,5.87,7.89,Below Average,Low
245,9.17,0.07,-0.05,60.0,80.0,8.27,7.6,Excellent,High
246,9.56,0.41,0.221,140.0,40.0,9.35,8.61,Excellent,High
247,6.44,0.44,-0.175,72.0,80.0,8.38,10.12,Average,Low
248,6.19,0.43,-0.121,90.0,68.0,7.05,8.19,Average,Low
249,9.63,0.21,0.068,110.0,84.0,9.28,8.82,Excellent,High
250,7.99,0.45,0.149,98.0,116.0,8.41,8.76,Good,Medium
251,7.44,0.29,-0.228,90.0,22.0,7.21,6.27,Good,High
252,5.45,0.2,-0.13,60.0,38.0,5.52,5.64,Below Average,Medium
253,4.93,0.52,0.233,116.0,104.0,5.27,5.65,Below Average,Medium
254,5.91,0.38,0.206,94.0,104.0,5.53,5.19,Average,High
255,7.63,0.08,0.15,50.0,68.0,8.2,8.62,Good,Medium
256,5.78,0.04,0.09,40.0,48.0,6.35,6.83,Average,Medium
257,5.9,0.27,0.55,38.0,100.0,5.89,5.89,Average,High
258,8.66,0.3,-0.012,108.0,116.0,7.79,6.98,Excellent,High
259,9.51,0.33,-0.055,88.0,98.0,9.05,8.64,Excellent,High
260,5.65,0.02,0.03,42.0,86.0,7.06,7.75,Average,Low
261,5.67,0.79,0.321,132.0,120.0,6.73,7.9,Average,Low
262,5.46,0.2,0.39,36.0,116.0,5.5,5.51,Below Average,High
263,9.2,0.56,0.22,128.0,24.0,9.85,13.32,Excellent,Low
264,5.04,0.2,-0.02,62.0,44.0,7.01,9.79,Below Average,Low
265,9.45,0.46,-0.565,62.0,72.0,8.99,8.59,Excellent,Medium
266,5.88,0.2,-0.118,90.0,72.0,5.95,6.04,Average,Medium
267,9.04,0.12,-0.065,62.0,120.0,8.38,8.04,Excellent,High
268,5.59,0.25,0.5,44.0,24.0,7.42,10.77,Average,Low
269,4.65,0.17,0.142,92.0,46.0,5.74,7.91,Below Average,Low
270,8.38,0.2,0.011,110.0,84.0,7.85,7.16,Good,High
271,9.63,0.29,0.129,84.0,18.0,9.4,8.33,Excellent,High
272,8.15,0.55,0.207,106.0,44.0,8.63,9.78,Good,Low
273,6.15,0.26,-0.061,118.0,78.0,5.63,4.84,Average,High
274,7.89,0.28,-0.04,72.0,18.0,9.56,16.24,Good,Low
275,6.2,0.37,-0.11,126.0,20.0,7.69,17.09,Average,Low
276,6.49,0.27,-0.081,82.0,100.0,7.72,8.73,Average,Low
277,4.96,0.42,-0.83,42.0,58.0,6.47,7.56,Below Average,Low
278,7.15,0.59,0.281,126.0,48.0,8.33,11.44,Good,Low
279,7.05,0.19,-0.015,94.0,92.0,7.07,7.09,Good,Medium
280,9.04,0.39,0.211,90.0,22.0,9.42,10.97,Excellent,Low
281,7.69,0.2,-0.25,64.0,86.0,8.82,9.66,Good,Low
282,9.26,0.14,0.28,46.0,64.0,9.11,9.0,Excellent,High
283,6.12,0.42,-0.34,76.0,42.0,6.1,6.07,Average,Medium
284,7.33,0.38,0.06,128.0,40.0,7.73,9.0,Good,Low
285,6.54,0.26,-0.23,68.0,46.0,6.54,6.54,Average,Medium
286,9.48,0.43,0.162,126.0,26.0,8.73,5.1,Excellent,High
287,6.52,0.36,0.168,142.0,50.0,6.33,5.8,Average,High
288,8.63,0.45,-0.52,64.0,98.0,8.7,8.74,Excellent,Low
289,5.19,0.39,-0.029,132.0,110.0,7.0,9.17,Below Average,Low
290,9.21,0.57,0.313,116.0,86.0,8.93,8.56,Excellent,High
291,8.38,0.37,-0.2,64.0,94.0,8.14,7.98,Good,Medium
292,5.4,0.02,0.05,38.0,82.0,6.21,6.58,Below Average,Low
293,9.55,0.17,-0.105,64.0,72.0,9.65,9.74,Excellent,Medium
294,5.0,0.33,-0.67,50.0,94.0,5.62,5.95,Below Average,Low
295,5.37,0.45,-0.162,130.0,42.0,7.33,13.4,Below Average,Low
296,7.25,0.06,-0.044,88.0,26.0,8.54,12.9,Good,Low
297,7.3,0.38,0.76,42.0,114.0,7.09,7.01,Good,High
298,7.59,0.25,0.097,126.0,62.0,9.42,13.14,Good,Low
299,4.85,0.11,0.22,42.0,116.0,6.11,6.57,Below Average,Low
300,5.43,0.2,0.41,44.0,18.0,5.84,6.83,Below Average,Medium
301,6.03,0.37,0.106,110.0,64.0,7.64,10.4,Average,Low
302,6.84,0.38,0.3,66.0,92.0,5.99,5.38,Average,High
303,9.1,0.55,0.318,104.0,66.0,8.22,6.84,Excellent,High
304,8.31,0.48,0.086,134.0,114.0,7.96,7.55,Good,High
305,5.43,0.36,-0.317,88.0,88.0,6.08,6.73,Below Average,Low
306,9.35,0.41,0.324,84.0,68.0,9.54,9.77,Excellent,Medium
307,6.6,0.35,-0.127,130.0,106.0,5.71,4.61,Average,High
308,8.05,0.47,-0.214,148.0,48.0,7.7,6.61,Good,High
309,9.0,0.6,0.21,72.0,82.0,9.45,9.84,Excellent,Medium
310,7.15,0.35,0.195,134.0,50.0,8.99,13.92,Good,Low
311,5.53,0.43,-0.525,78.0,44.0,5.8,6.28,Average,Low
312,5.54,0.57,0.195,84.0,112.0,5.87,6.12,Average,Medium
313,4.8,0.28,0.56,50.0,112.0,5.98,6.51,Below Average,Medium
314,7.97,0.23,0.46,52.0,44.0,7.82,7.64,Good,High
315,5.29,0.43,0.525,60.0,44.0,6.54,8.25,Below Average,Low
316,9.13,0.35,0.117,108.0,58.0,8.79,8.15,Excellent,High
317,8.38,0.03,0.05,38.0,44.0,8.06,7.79,Good,High
318,9.23,0.26,0.52,50.0,24.0,8.56,7.16,Excellent,High
319,5.74,0.55,0.373,114.0,62.0,5.5,5.07,Average,High
320,8.27,0.24,0.117,90.0,40.0,9.84,13.36,Good,Low
321,8.8,0.46,0.216,136.0,18.0,9.61,15.75,Excellent,Low
322,7.63,0.47,-0.212,98.0,50.0,7.04,5.88,Good,High
323,9.48,0.42,0.177,132.0,110.0,9.59,9.72,Excellent,Medium
324,6.11,0.34,-0.229,86.0,62.0,7.77,10.07,Average,Low
325,8.19,0.12,-0.25,50.0,68.0,8.09,8.02,Good,Medium
326,5.44,0.29,-0.105,64.0,62.0,6.83,8.27,Below Average,Low
327,7.64,0.55,-0.239,100.0,46.0,7.72,7.89,Good,Low
328,6.62,0.13,-0.26,42.0,24.0,6.2,5.46,Average,High
329,5.6,0.49,0.007,128.0,102.0,7.41,9.68,Average,Low
330,9.46,0.32,0.044,94.0,24.0,9.66,10.45,Excellent,Low
331,4.2,0.11,-0.094,84.0,40.0,5.41,7.95,Below Average,Low
332,7.95,0.2,-0.215,62.0,58.0,8.83,9.77,Good,Low
333,8.04,0.53,-0.184,128.0,78.0,7.09,5.52,Good,High
334,7.79,0.05,-0.02,62.0,38.0,8.25,9.0,Good,Low
335,7.87,0.37,0.73,46.0,110.0,9.81,10.62,Good,Low
336,6.77,0.26,0.047,126.0,84.0,7.69,9.06,Average,Low
337,8.05,0.19,-0.37,50.0,66.0,9.29,10.23,Good,Low
338,4.77,0.48,0.96,48.0,94.0,6.65,7.61,Below Average,Low
339,8.89,0.5,0.99,42.0,46.0,8.11,7.4,Excellent,High
340,5.56,0.5,-0.375,66.0,46.0,5.71,5.92,Average,Low
341,7.0,0.08,-0.16,42.0,26.0,6.62,6.0,Good,High
342,7.1,0.19,-0.115,62.0,106.0,6.48,6.12,Good,High
343,7.98,0.28,0.058,142.0,44.0,8.84,11.61,Good,Low
344,6.45,0.4,-0.121,116.0,42.0,8.43,13.91,Average,Low
345,7.0,0.25,-0.202,84.0,74.0,6.43,5.78,Average,High
346,6.64,0.59,1.19,44.0,86.0,6.07,5.78,Average,High
347,5.71,0.5,0.283,132.0,38.0,7.11,11.98,Average,Low
348,8.92,0.46,0.3,110.0,40.0,9.18,9.88,Excellent,Medium
349,8.28,0.14,0.022,134.0,44.0,7.8,6.35,Good,High
350,8.45,0.45,-0.36,64.0,20.0,8.96,10.6,Good,Low
351,7.2,0.47,-0.222,130.0,66.0,8.31,10.5,Good,Low
352,8.02,0.44,0.244,86.0,118.0,9.06,9.82,Good,Low
353,7.26,0.31,0.238,92.0,72.0,8.68,10.49,Good,Low
354,5.39,0.17,0.064,118.0,20.0,6.12,10.41,Below Average,Low
355,6.06,0.43,-0.045,142.0,76.0,7.13,9.13,Average,Low
356,5.73,0.35,0.03,84.0,86.0,7.17,8.58,Average,Low
357,8.87,0.16,0.08,68.0,80.0,9.52,10.07,Excellent,Low
358,8.39,0.03,0.025,62.0,62.0,7.59,6.79,Good,High
359,8.43,0.06,0.02,82.0,78.0,7.51,6.55,Good,High
360,8.33,0.35,0.71,42.0,70.0,8.77,9.04,Good,High
361,5.98,0.29,0.167,88.0,24.0,5.38,3.19,Average,High
362,7.88,0.29,0.24,82.0,94.0,7.32,6.83,Good,High
363,8.77,0.47,0.575,68.0,24.0,7.83,5.18,Excellent,High
364,7.49,0.57,0.48,86.0,40.0,8.49,10.65,Good,Low
365,4.77,0.3,0.02,122.0,62.0,5.86,8.0,Below Average,Low
366,4.61,0.4,0.8,50.0,108.0,5.65,6.13,Below Average,Medium
367,5.46,0.47,0.031,142.0,58.0,7.24,11.6,Below Average,Low
368,6.65,0.41,-0.157,120.0,18.0,7.3,11.62,Average,Low
369,5.17,0.38,-0.211,104.0,108.0,5.62,6.05,Below Average,Low
370,6.37,0.21,-0.091,82.0,20.0,6.72,8.14,Average,Low
371,7.43,0.26,-0.037,78.0,42.0,6.96,6.1,Good,High
372,7.22,0.61,0.404,106.0,76.0,6.98,6.65,Good,High
373,4.84,0.27,0.285,70.0,66.0,6.45,8.16,Below Average,Low
374,8.03,0.38,-0.123,102.0,18.0,7.82,6.63,Good,High
375,7.93,0.2,-0.009,88.0,22.0,7.16,4.06,Good,High
376,8.53,0.12,0.016,94.0,106.0,9.42,10.21,Excellent,Low
377,7.32,0.08,0.17,44.0,84.0,6.66,6.31,Good,High
378,7.35,0.07,-0.14,40.0,90.0,8.03,8.33,Good,Low
379,5.69,0.2,0.106,118.0,40.0,5.37,4.44,Average,High
380,6.94,0.21,-0.41,42.0,46.0,6.85,6.76,Average,Medium
381,4.73,0.0,-0.0,48.0,18.0,5.17,6.34,Below Average,Low
382,7.94,0.14,0.002,82.0,44.0,7.65,7.11,Good,High
383,8.91,0.69,-0.345,64.0,26.0,8.52,7.55,Excellent,Medium
384,4.45,0.26,-0.32,72.0,84.0,5.18,5.8,Below Average,Low
385,6.86,0.23,-0.055,70.0,26.0,7.75,10.13,Average,Low
386,8.4,0.29,-0.57,44.0,38.0,9.89,11.62,Good,Low
387,6.41,0.23,-0.052,88.0,18.0,5.63,1.83,Average,High
388,6.41,0.46,0.109,112.0,20.0,5.76,2.09,Average,High
389,5.98,0.27,0.185,76.0,72.0,5.87,5.76,Average,Medium
390,8.25,0.18,0.029,96.0,98.0,8.36,8.47,Good,Medium
391,5.92,0.25,-0.072,112.0,92.0,7.37,9.13,Average,Low
392,7.3,0.13,-0.26,42.0,22.0,7.64,8.3,Good,Low
393,6.72,0.45,-0.133,80.0,88.0,7.7,8.59,Average,Low
394,4.3,0.47,-0.297,108.0,26.0,6.23,14.26,Below Average,Low
395,6.15,0.0,-0.01,36.0,62.0,7.65,8.52,Average,Low
396,6.38,0.29,0.17,92.0,86.0,7.03,7.73,Average,Low
397,5.8,0.03,-0.06,46.0,82.0,5.8,5.8,Average,Medium
398,7.21,0.61,-0.383,102.0,100.0,8.87,10.56,Good,Low
399,5.96,0.36,-0.43,62.0,60.0,5.04,4.09,Average,High
400,9.44,0.13,-0.014,108.0,66.0,9.62,9.91,Excellent,Medium
401,5.19,0.1,-0.19,50.0,44.0,6.45,7.88,Below Average,Low
402,8.83,0.21,-0.145,76.0,80.0,7.98,7.18,Excellent,High
403,7.23,0.46,0.92,42.0,26.0,8.11,9.53,Good,Medium
404,5.68,0.4,-0.79,44.0,22.0,6.68,8.68,Average,Low
405,5.25,0.35,0.079,140.0,116.0,6.68,8.41,Below Average,Low
406,4.99,0.47,-0.078,100.0,70.0,5.95,7.32,Below Average,Low
407,7.84,0.64,0.348,86.0,58.0,9.64,12.32,Good,Low
408,5.15,0.63,-0.324,130.0,40.0,5.95,8.55,Below Average,Low
409,5.76,0.19,0.092,104.0,110.0,6.22,6.65,Average,Medium
410,5.85,0.47,0.174,88.0,112.0,5.36,4.97,Average,High
411,5.61,0.51,0.42,72.0,26.0,5.54,5.36,Average,High
412,7.33,0.05,0.11,36.0,18.0,6.82,5.79,Good,High
413,9.02,0.05,-0.05,60.0,86.0,8.16,7.56,Excellent,High
414,8.53,0.37,0.275,60.0,24.0,9.27,11.12,Excellent,Low
415,5.76,0.45,-0.025,90.0,22.0,7.61,15.17,Average,Low
416,9.13,0.47,0.196,110.0,44.0,9.47,10.33,Excellent,Low
417,5.62,0.28,0.32,62.0,86.0,5.69,5.74,Average,Medium
418,6.79,0.24,-0.094,90.0,104.0,7.85,8.77,Average,Low
419,6.53,0.23,0.46,46.0,56.0,5.8,5.2,Average,High
420,6.94,0.58,0.278,116.0,108.0,7.94,9.01,Average,Low
421,5.97,0.21,0.26,60.0,22.0,7.5,11.68,Average,Low
422,5.82,0.02,-0.03,38.0,66.0,7.82,8.97,Average,Low
423,9.5,0.27,0.109,108.0,106.0,8.71,7.9,Excellent,High
424,8.58,0.26,-0.52,44.0,44.0,9.9,11.22,Excellent,Low
425,9.09,0.56,0.237,132.0,44.0,9.14,9.3,Excellent,Medium
426,9.15,0.32,-0.65,48.0,38.0,9.16,9.17,Excellent,Low
427,7.36,0.63,0.351,134.0,62.0,7.86,8.94,Good,Low
428,8.18,0.56,-1.12,48.0,26.0,9.7,12.5,Good,Low
429,8.55,0.37,0.73,46.0,94.0,9.35,9.74,Excellent,Medium
430,6.89,0.17,-0.113,86.0,40.0,8.32,11.39,Average,Low
431,5.55,0.27,0.199,82.0,66.0,5.1,4.54,Average,High
432,6.17,0.21,-0.03,118.0,48.0,6.64,7.79,Average,Low
433,6.99,0.21,-0.42,38.0,108.0,7.53,7.72,Average,Low
434,7.05,0.12,-0.035,118.0,18.0,8.06,14.69,Good,Low
435,7.79,0.16,0.084,86.0,44.0,7.66,7.41,Good,Medium
436,5.45,0.15,0.29,48.0,44.0,5.76,6.1,Below Average,Medium
437,7.28,0.28,-0.57,44.0,112.0,9.27,10.05,Good,Low
438,4.19,0.44,-0.119,140.0,86.0,5.17,6.77,Below Average,Low
439,7.71,0.22,-0.123,96.0,42.0,8.51,10.33,Good,Low
440,5.52,0.21,-0.42,42.0,44.0,7.22,8.84,Average,Low
441,5.49,0.11,0.025,66.0,112.0,5.06,4.81,Below Average,High
442,7.68,0.32,-0.031,96.0,114.0,7.34,7.05,Good,Medium
443,7.51,0.19,0.03,114.0,118.0,9.05,10.53,Good,Low
444,5.52,0.24,-0.005,66.0,58.0,6.04,6.63,Average,Low
445,6.78,0.16,0.185,68.0,62.0,7.49,8.27,Average,Low
446,8.28,0.25,0.04,68.0,42.0,8.08,7.76,Good,Medium
447,5.04,0.32,-0.287,88.0,42.0,5.02,4.97,Below Average,Medium
448,8.35,0.43,0.38,92.0,44.0,8.69,9.4,Good,Medium
449,6.55,0.6,-0.235,90.0,108.0,6.85,7.1,Average,Low
450,6.87,0.22,-0.44,50.0,24.0,8.78,12.76,Average,Low
451,6.25,0.62,0.127,116.0,18.0,5.69,2.08,Average,High
452,9.34,0.26,-0.081,108.0,50.0,8.77,7.54,Excellent,High
453,9.33,0.3,-0.114,108.0,116.0,9.14,8.96,Excellent,Medium
454,8.05,0.36,-0.128,130.0,104.0,9.54,11.4,Good,Low
455,5.89,0.39,0.053,112.0,44.0,5.67,5.1,Average,High
456,8.87,0.34,0.25,62.0,60.0,8.44,8.0,Excellent,High
457,8.97,0.14,-0.005,58.0,24.0,9.29,10.06,Excellent,Low
458,6.65,0.49,-0.096,104.0,44.0,6.76,7.02,Average,Medium
459,9.65,0.45,0.21,134.0,108.0,9.98,10.39,Excellent,Low
460,4.25,0.04,0.08,44.0,46.0,5.86,7.4,Below Average,Low
461,6.15,0.38,0.225,60.0,86.0,7.19,7.91,Average,Low
462,4.72,0.18,-0.36,38.0,96.0,6.17,6.74,Below Average,Low
463,5.67,0.5,-0.193,136.0,66.0,7.32,10.73,Average,Low
464,8.06,0.37,-0.088,82.0,22.0,7.45,5.19,Good,High
465,8.71,0.08,0.17,44.0,106.0,9.3,9.54,Excellent,Medium
466,5.63,0.41,0.21,72.0,46.0,5.67,5.73,Average,Medium
467,4.27,0.09,-0.18,44.0,70.0,5.93,6.97,Below Average,Low
468,8.81,0.04,-0.04,72.0,26.0,9.1,9.9,Excellent,Low
469,8.08,0.27,0.023,148.0,72.0,9.94,13.76,Good,Low
470,5.64,0.42,0.43,66.0,92.0,5.9,6.09,Average,Medium
471,4.41,0.46,0.016,90.0,92.0,6.26,8.07,Below Average,Low
472,9.59,0.25,-0.043,136.0,64.0,8.97,7.66,Excellent,High
473,8.89,0.33,0.01,148.0,118.0,8.87,8.84,Excellent,Medium
474,5.99,0.32,-0.221,88.0,100.0,5.03,4.18,Average,High
475,7.13,0.25,-0.077,120.0,66.0,7.68,8.68,Good,Low
476,7.86,0.51,0.196,148.0,108.0,9.8,12.46,Good,Low
477,7.04,0.42,0.177,88.0,70.0,6.13,4.99,Good,High
478,4.86,0.39,0.334,86.0,50.0,6.28,8.72,Below Average,Low
479,8.44,0.1,0.19,44.0,20.0,8.42,8.38,Good,Medium
480,5.62,0.31,0.62,48.0,106.0,5.15,4.94,Average,High
481,5.56,0.24,0.1,120.0,98.0,5.23,4.83,Average,High
482,4.53,0.34,0.046,134.0,116.0,6.0,7.7,Below Average,Low
483,4.76,0.54,0.655,66.0,22.0,6.37,11.21,Below Average,Low
484,7.72,0.24,0.01,136.0,96.0,9.13,11.13,Good,Low
485,5.08,0.09,0.042,110.0,110.0,6.01,6.94,Below Average,Low
486,8.67,0.16,0.02,136.0,92.0,8.3,7.75,Excellent,High
487,6.23,0.26,0.114,98.0,66.0,6.27,6.34,Average,Medium
488,7.69,0.08,-0.17,40.0,20.0,9.33,12.6,Good,Low
489,6.1,0.31,-0.139,132.0,66.0,6.47,7.21,Average,Low
490,7.19,0.29,0.019,88.0,50.0,6.78,6.06,Good,High
491,8.63,0.39,-0.048,94.0,68.0,8.05,7.25,Excellent,High
492,8.33,0.17,-0.15,66.0,76.0,9.49,10.49,Good,Low
493,9.05,0.44,0.227,74.0,96.0,9.46,9.78,Excellent,Medium
494,6.89,0.49,0.535,64.0,110.0,7.94,8.55,Average,Medium
495,5.79,0.37,0.125,62.0,86.0,6.65,7.27,Average,Low
496,5.8,0.46,0.319,106.0,86.0,5.7,5.57,Average,High
497,8.3,0.09,-0.032,92.0,110.0,8.14,8.0,Good,Medium
498,6.16,0.63,-0.22,140.0,110.0,5.27,4.14,Average,High
499,7.62,0.44,0.092,118.0,66.0,9.45,12.73,Good,Low
500,7.45,0.17,-0.007,128.0,108.0,8.27,9.24,Good,Low
501,7.01,0.22,0.44,48.0,94.0,8.16,8.75,Good,Medium
502,8.12,0.39,0.125,110.0,90.0,7.53,6.8,Good,High
503,4.51,0.41,0.82,46.0,68.0,5.92,6.87,Below Average,Medium
504,8.91,0.37,0.273,90.0,18.0,8.24,4.91,Excellent,High
505,4.25,0.0,-0.0,40.0,88.0,5.58,6.18,Below Average,Low
506,5.3,0.38,0.254,116.0,44.0,5.44,5.82,Below Average,Medium
507,7.29,0.23,-0.002,86.0,24.0,7.27,7.21,Good,Medium
508,8.38,0.48,0.226,150.0,114.0,7.49,6.32,Good,High
509,7.49,0.43,-0.22,106.0,22.0,8.47,13.19,Good,Low
510,8.64,0.32,-0.245,84.0,108.0,8.24,7.93,Excellent,Medium
511,7.51,0.31,-0.131,116.0,20.0,7.31,6.14,Good,High
512,6.0,0.65,-0.362,148.0,46.0,7.1,10.65,Average,Low
513,9.15,0.35,0.063,142.0,22.0,9.03,8.29,Excellent,High
514,9.61,0.26,-0.049,110.0,86.0,9.57,9.52,Excellent,Medium
515,5.71,0.44,-0.228,110.0,20.0,6.35,9.85,Average,Low
516,8.46,0.56,-0.63,58.0,64.0,9.54,10.52,Good,Low
517,6.86,0.18,-0.36,40.0,114.0,8.66,9.29,Average,Low
518,4.08,0.35,-0.169,136.0,104.0,5.68,7.77,Below Average,Low
519,5.9,0.3,-0.137,78.0,70.0,7.13,8.5,Average,Low
520,4.8,0.34,-0.14,102.0,22.0,5.08,6.37,Below Average,Low
521,8.18,0.28,0.079,104.0,72.0,7.99,7.72,Good,Medium
522,7.74,0.32,0.28,74.0,106.0,8.57,9.15,Good,Low
523,6.66,0.49,-0.175,112.0,22.0,6.46,5.46,Average,High
524,6.21,0.45,-0.113,128.0,60.0,6.8,8.06,Average,Low
525,6.52,0.06,-0.12,46.0,100.0,6.27,6.16,Average,Medium
526,8.25,0.28,0.074,88.0,42.0,8.86,10.13,Good,Low
527,7.48,0.19,-0.22,66.0,90.0,8.17,8.68,Good,Low
528,6.36,0.46,-0.224,92.0,52.0,7.1,8.41,Average,Low
529,8.18,0.05,0.11,42.0,68.0,7.21,6.61,Good,High
530,4.76,0.38,0.35,68.0,108.0,6.37,7.39,Below Average,Low
531,7.25,0.3,-0.235,92.0,108.0,6.7,6.23,Good,Medium
532,6.37,0.15,0.3,44.0,56.0,7.42,8.25,Average,Low
533,6.62,0.35,-0.153,130.0,46.0,7.46,9.84,Average,Low
534,8.42,0.67,0.303,140.0,26.0,9.87,17.66,Good,Low
535,4.31,0.42,-0.505,72.0,46.0,5.69,7.85,Below Average,Low
536,5.76,0.3,-0.019,112.0,94.0,5.4,4.97,Average,High
537,7.03,0.33,0.39,72.0,20.0,6.86,6.23,Good,High
538,7.89,0.21,0.0,62.0,60.0,7.35,6.8,Good,High
539,4.47,0.27,0.55,40.0,72.0,5.62,6.26,Below Average,Medium
540,4.71,0.32,-0.204,110.0,90.0,6.32,8.29,Below Average,Low
541,4.77,0.27,0.02,62.0,114.0,6.0,6.67,Below Average,Low
542,7.53,0.2,-0.067,88.0,74.0,8.34,9.3,Good,Low
543,8.4,0.33,0.33,66.0,114.0,9.22,9.69,Good,Medium
544,6.09,0.18,0.055,64.0,90.0,6.82,7.34,Average,Low
545,7.24,0.88,-0.414,122.0,110.0,6.94,6.6,Good,Medium
546,4.85,0.47,-0.046,102.0,114.0,6.33,7.66,Below Average,Low
547,6.8,0.28,0.096,134.0,72.0,7.35,8.38,Average,Low
548,5.86,0.3,0.053,126.0,18.0,7.69,20.49,Average,Low
549,5.16,0.28,-0.069,86.0,66.0,5.86,6.78,Below Average,Low
550,5.2,0.29,0.213,72.0,90.0,6.13,6.87,Below Average,Low
551,8.53,0.6,-0.331,112.0,22.0,8.77,9.97,Excellent,Low
552,5.79,0.47,-0.555,64.0,18.0,6.84,10.57,Average,Low
553,5.48,0.16,0.099,110.0,22.0,5.02,2.72,Below Average,High
554,7.68,0.26,0.144,116.0,18.0,8.68,15.1,Good,Low
555,8.01,0.27,0.305,68.0,40.0,9.21,11.24,Good,Low
556,8.17,0.02,0.04,50.0,86.0,9.24,9.86,Good,Low
557,8.1,0.27,-0.11,126.0,20.0,9.82,20.69,Good,Low
558,6.15,0.33,0.202,102.0,44.0,6.57,7.55,Average,Low
559,4.86,0.26,0.084,124.0,86.0,6.41,8.64,Below Average,Low
560,8.53,0.31,-0.093,132.0,44.0,9.61,12.84,Excellent,Low
561,7.13,0.15,0.18,64.0,58.0,7.55,8.01,Good,Medium
562,8.86,0.35,0.105,130.0,22.0,9.49,13.19,Excellent,Low
563,9.04,0.19,-0.37,44.0,112.0,8.06,7.67,Excellent,High
564,4.65,0.36,-0.38,62.0,64.0,6.58,8.45,Below Average,Low
565,9.04,0.18,0.155,88.0,122.0,9.07,9.09,Excellent,Medium
566,6.63,0.3,0.345,76.0,114.0,8.05,8.99,Average,Low
567,9.95,0.12,0.058,108.0,88.0,9.35,8.62,Excellent,High
568,6.37,0.22,-0.255,64.0,56.0,7.04,7.81,Average,Low
569,8.08,0.57,0.447,80.0,90.0,8.9,9.63,Good,Medium
570,8.34,0.45,0.288,124.0,54.0,8.55,9.03,Good,Medium
571,6.95,0.07,-0.009,128.0,64.0,6.35,5.16,Average,High
572,4.03,0.44,-0.535,64.0,66.0,5.44,6.81,Below Average,Low
573,5.51,0.18,-0.113,124.0,84.0,6.82,8.76,Average,Low
574,6.5,0.72,0.31,122.0,110.0,8.4,10.51,Average,Low
575,8.84,0.37,0.238,112.0,22.0,9.62,13.58,Excellent,Low
576,9.21,0.14,0.093,94.0,22.0,8.29,4.34,Excellent,High
577,7.29,0.44,-0.346,80.0,108.0,8.26,8.98,Good,Low
578,5.98,0.22,0.084,84.0,110.0,5.92,5.88,Average,Medium
579,5.99,0.27,-0.004,120.0,18.0,7.35,16.39,Average,Low
580,5.33,0.54,-0.362,100.0,78.0,6.24,7.4,Below Average,Low
581,7.62,0.21,0.43,46.0,56.0,9.07,10.26,Good,Low
582,6.67,0.58,-0.222,104.0,22.0,8.35,16.31,Average,Low
583,8.96,0.57,0.476,76.0,80.0,9.94,10.87,Excellent,Low
584,5.69,0.25,-0.14,70.0,88.0,5.74,5.78,Average,Medium
585,7.85,0.36,0.18,84.0,88.0,7.31,6.79,Good,High
586,5.7,0.55,-0.481,88.0,106.0,6.41,7.0,Average,Low
587,7.5,0.24,0.19,60.0,86.0,7.26,7.09,Good,High
588,5.32,0.34,-0.026,90.0,66.0,6.07,7.09,Below Average,Low
589,8.77,0.34,0.262,82.0,18.0,8.87,9.32,Excellent,Medium
590,7.61,0.27,0.54,46.0,68.0,8.36,8.87,Good,Medium
591,8.17,0.23,0.118,104.0,26.0,9.49,14.77,Good,Low
592,7.6,0.14,0.046,112.0,70.0,7.73,7.95,Good,Medium
593,4.15,0.55,-0.605,62.0,50.0,5.31,6.75,Below Average,Low
594,9.46,0.14,-0.098,80.0,114.0,9.84,10.11,Excellent,Low
595,8.82,0.43,-0.121,102.0,114.0,9.76,10.6,Excellent,Low
596,5.37,0.13,-0.099,86.0,52.0,6.61,8.67,Below Average,Low
597,9.06,0.18,-0.027,118.0,46.0,9.68,11.27,Excellent,Low
598,4.99,0.51,-0.435,56.0,22.0,6.45,10.17,Below Average,Low
599,5.68,0.17,0.33,36.0,62.0,5.28,5.05,Average,High
600,7.04,0.41,0.235,74.0,86.0,7.37,7.65,Good,Medium
601,6.16,0.39,0.77,42.0,20.0,7.45,10.15,Average,Low
602,5.86,0.31,0.28,70.0,42.0,7.43,10.05,Average,Low
603,5.75,0.65,-0.135,132.0,86.0,5.72,5.67,Average,Medium
604,7.39,0.25,-0.13,70.0,100.0,6.74,6.28,Good,High
605,5.67,0.37,0.17,72.0,90.0,6.34,6.87,Average,Low
606,6.12,0.5,0.23,86.0,20.0,6.35,7.34,Average,Low
607,8.92,0.56,0.247,120.0,44.0,8.04,5.64,Excellent,High
608,5.16,0.39,-0.137,122.0,108.0,5.87,6.67,Below Average,Low
609,6.76,0.36,-0.42,74.0,112.0,7.57,8.11,Average,Low
610,7.16,0.26,-0.12,60.0,24.0,8.39,11.47,Good,Low
611,5.68,0.34,-0.129,116.0,22.0,6.38,10.05,Average,Low
612,6.89,0.33,0.65,42.0,122.0,7.85,8.18,Average,Medium
613,9.36,0.45,-0.9,40.0,88.0,9.73,9.9,Excellent,Low
614,8.83,0.64,0.54,70.0,100.0,9.89,10.63,Excellent,Low
615,4.95,0.28,0.102,84.0,114.0,6.74,8.06,Below Average,Low
616,8.71,0.06,-0.07,64.0,72.0,9.32,9.86,Excellent,Low
617,7.61,0.36,-0.05,114.0,24.0,8.25,11.29,Good,Low
618,6.5,0.27,0.235,96.0,46.0,5.65,3.88,Average,High
619,8.61,0.65,-0.213,118.0,70.0,9.31,10.49,Excellent,Low
620,7.23,0.47,0.575,64.0,26.0,7.35,7.64,Good,High
621,8.42,0.1,0.2,42.0,26.0,9.77,11.94,Good,Low
622,9.33,0.31,-0.109,94.0,66.0,9.61,10.01,Excellent,Low
623,9.04,0.19,0.38,44.0,96.0,8.13,7.71,Excellent,High
624,8.89,0.32,-0.63,42.0,68.0,8.25,7.85,Excellent,Medium
625,6.64,0.24,-0.112,108.0,38.0,6.5,6.12,Average,Medium
626,8.97,0.37,0.076,82.0,102.0,9.72,10.32,Excellent,Low
627,4.67,0.33,-0.67,48.0,50.0,6.12,7.51,Below Average,Low
628,4.4,0.38,0.037,114.0,24.0,6.11,14.24,Below Average,Low
629,7.96,0.29,-0.35,58.0,92.0,7.75,7.62,Good,Medium
630,8.17,0.36,0.072,118.0,92.0,7.87,7.48,Good,High
631,4.52,0.2,-0.39,44.0,108.0,6.0,6.6,Below Average,Low
632,7.99,0.27,0.117,132.0,26.0,7.07,2.38,Good,High
633,9.48,0.46,0.139,92.0,114.0,8.88,8.39,Excellent,High
634,7.97,0.27,0.014,92.0,114.0,7.0,6.22,Good,High
635,8.76,0.33,0.65,42.0,42.0,9.35,9.94,Excellent,Medium
636,8.63,0.21,-0.015,124.0,102.0,9.14,9.76,Excellent,Low
637,5.0,0.41,-0.274,86.0,44.0,5.77,7.27,Below Average,Low
638,8.29,0.35,-0.238,110.0,46.0,8.3,8.31,Good,Medium
639,7.85,0.28,-0.208,90.0,84.0,7.79,7.72,Good,Medium
640,7.28,0.29,0.025,72.0,52.0,7.61,8.07,Good,Medium
641,5.03,0.32,0.029,118.0,18.0,5.81,10.91,Below Average,Low
642,6.47,0.41,0.49,64.0,70.0,6.57,6.66,Average,High
643,7.59,0.42,-0.85,48.0,26.0,7.98,8.71,Good,Low
644,6.98,0.04,0.09,48.0,68.0,7.88,8.51,Average,Low
645,8.46,0.37,-0.287,88.0,80.0,9.83,11.34,Good,Low
646,5.21,0.29,0.107,142.0,66.0,5.76,6.94,Below Average,Low
647,7.7,0.06,0.07,64.0,62.0,9.6,11.56,Good,Low
648,7.03,0.35,0.285,78.0,62.0,7.22,7.46,Good,Medium
649,6.49,0.37,-0.147,102.0,94.0,8.05,9.74,Average,Low
650,7.48,0.42,-0.234,106.0,90.0,7.95,8.5,Good,Low
651,6.88,0.36,0.074,128.0,86.0,8.57,11.08,Average,Low
652,7.83,0.21,0.06,134.0,44.0,7.98,8.45,Good,Medium
653,9.4,0.31,-0.63,48.0,72.0,8.78,8.37,Excellent,Medium
654,9.17,0.65,0.304,126.0,70.0,9.29,9.51,Excellent,Medium
655,6.6,0.32,-0.158,122.0,44.0,8.6,14.13,Average,Low
656,9.23,0.43,0.121,126.0,40.0,8.58,6.54,Excellent,High
657,5.79,0.14,-0.057,114.0,42.0,5.13,3.33,Average,High
658,6.66,0.19,-0.009,126.0,84.0,6.88,7.21,Average,Medium
659,5.66,0.21,-0.41,50.0,90.0,6.31,6.67,Average,Low
660,4.39,0.31,-0.375,66.0,120.0,5.99,6.87,Below Average,Low
661,9.02,0.12,0.055,64.0,22.0,9.99,12.81,Excellent,Low
662,5.5,0.34,-0.69,36.0,20.0,5.83,6.42,Average,Low
663,6.92,0.16,-0.1,60.0,86.0,5.94,5.26,Average,High
664,5.64,0.36,0.395,68.0,24.0,6.86,10.32,Average,Low
665,8.07,0.34,-0.009,108.0,86.0,9.98,12.38,Good,Low
666,8.43,0.49,0.23,142.0,40.0,9.79,14.61,Good,Low
667,8.66,0.36,-0.43,64.0,64.0,9.77,10.88,Excellent,Low
668,5.09,0.2,-0.24,70.0,110.0,5.98,6.55,Below Average,Low
669,8.83,0.2,0.05,112.0,76.0,9.91,11.5,Excellent,Low
670,7.02,0.44,0.88,46.0,88.0,6.21,5.79,Good,High
671,7.27,0.35,0.41,66.0,94.0,7.0,6.81,Good,High
672,8.8,0.66,0.325,138.0,44.0,8.08,5.82,Excellent,High
673,5.89,0.52,-1.03,48.0,94.0,5.14,4.76,Average,Low
674,8.52,0.09,-0.041,98.0,64.0,8.88,9.43,Excellent,Low
675,9.32,0.26,0.101,120.0,98.0,9.04,8.7,Excellent,High
676,5.37,0.31,-0.133,86.0,56.0,7.06,9.66,Below Average,Low
677,9.02,0.57,0.263,144.0,44.0,8.52,6.9,Excellent,High
678,6.39,0.16,-0.32,46.0,88.0,6.77,6.97,Average,Low
679,6.56,0.08,-0.046,86.0,22.0,6.77,7.59,Average,Low
680,4.41,0.74,-0.455,108.0,84.0,5.82,7.64,Below Average,Low
681,4.74,0.59,1.19,46.0,108.0,6.07,6.64,Below Average,Medium
682,6.56,0.46,0.08,84.0,104.0,6.27,6.04,Average,Medium
683,6.95,0.23,0.25,66.0,66.0,6.76,6.57,Average,High
684,7.85,0.53,0.277,134.0,64.0,9.73,13.66,Good,Low
685,8.31,0.15,-0.31,40.0,80.0,8.32,8.32,Good,Medium
686,9.16,0.54,1.09,42.0,38.0,8.5,7.77,Excellent,High
687,4.11,0.3,-0.205,100.0,126.0,5.75,7.05,Below Average,Low
688,5.82,0.38,-0.76,38.0,62.0,6.39,6.74,Average,Low
689,4.38,0.4,0.045,56.0,60.0,5.36,6.27,Below Average,Low
690,5.67,0.11,-0.22,48.0,106.0,5.25,5.06,Average,Medium
691,5.03,0.15,0.3,40.0,22.0,6.58,9.39,Below Average,Low
692,7.42,0.48,0.087,134.0,40.0,8.36,11.52,Good,Low
693,5.12,0.39,0.43,62.0,46.0,6.37,8.05,Below Average,Low
694,5.69,0.35,-0.099,108.0,22.0,6.61,11.14,Average,Low
695,9.4,0.48,0.41,92.0,120.0,9.85,10.2,Excellent,Low
696,6.66,0.25,0.06,68.0,104.0,6.69,6.71,Average,Medium
697,8.18,0.45,-0.093,102.0,58.0,8.69,9.59,Good,Low
698,6.19,0.42,-0.248,122.0,104.0,7.33,8.67,Average,Low
699,7.94,0.12,-0.25,42.0,18.0,8.29,9.11,Good,Low
700,7.27,0.43,-0.198,104.0,90.0,8.32,9.54,Good,Low
701,4.53,0.37,-0.116,128.0,42.0,5.1,6.84,Below Average,Low
702,7.84,0.72,0.357,138.0,46.0,7.91,8.13,Good,Medium
703,6.67,0.38,-0.76,42.0,22.0,6.65,6.62,Average,Low
704,7.42,0.39,-0.075,108.0,62.0,7.1,6.55,Good,High
705,5.79,0.28,-0.099,136.0,66.0,6.44,7.77,Average,Low
706,6.13,0.17,-0.131,88.0,90.0,6.83,7.51,Average,Low
707,7.18,0.41,0.152,138.0,26.0,8.82,17.55,Good,Low
708,8.44,0.62,0.176,80.0,114.0,8.91,9.24,Good,Medium
709,5.08,0.02,0.01,68.0,118.0,6.33,7.05,Below Average,Low
710,4.32,0.5,-0.153,128.0,62.0,6.3,10.39,Below Average,Low
711,5.54,0.13,0.26,46.0,42.0,6.21,6.95,Average,Medium
712,7.31,0.19,0.024,126.0,44.0,8.61,12.32,Good,Low
713,5.28,0.37,0.175,146.0,26.0,5.73,8.27,Below Average,Low
714,5.56,0.35,-0.71,48.0,112.0,7.35,8.12,Average,Low
715,5.58,0.48,0.041,80.0,26.0,7.16,12.01,Average,Low
716,5.98,0.17,0.07,66.0,84.0,7.32,8.37,Average,Low
717,8.29,0.16,-0.003,124.0,46.0,7.92,6.93,Good,High
718,9.25,0.37,-0.135,124.0,118.0,9.42,9.6,Excellent,Medium
719,6.14,0.36,0.128,134.0,120.0,5.19,4.13,Average,High
720,8.54,0.41,-0.82,44.0,110.0,8.72,8.79,Excellent,Low
721,6.15,0.36,-0.135,116.0,90.0,6.39,6.71,Average,Low
722,5.96,0.15,-0.29,44.0,98.0,6.65,6.96,Average,Low
723,8.45,0.7,-0.467,108.0,64.0,9.9,12.34,Good,Low
724,9.03,0.57,0.197,130.0,42.0,9.93,12.71,Excellent,Low
725,5.43,0.05,0.1,40.0,90.0,6.2,6.54,Below Average,Medium
726,7.2,0.49,0.245,100.0,44.0,7.36,7.73,Good,Medium
727,7.44,0.16,-0.122,94.0,60.0,9.08,11.65,Good,Low
728,6.13,0.38,-0.183,110.0,124.0,6.07,6.01,Average,Medium
729,6.67,0.24,-0.48,42.0,104.0,7.57,7.93,Average,Low
730,8.09,0.28,0.55,44.0,18.0,8.44,9.3,Good,Medium
731,8.15,0.16,-0.078,102.0,26.0,9.56,15.08,Good,Low
732,5.13,0.5,0.107,118.0,70.0,6.35,8.41,Below Average,Low
733,6.76,0.04,-0.09,36.0,46.0,8.55,9.95,Average,Low
734,6.29,0.34,0.082,84.0,76.0,6.5,6.73,Average,Medium
735,8.78,0.04,-0.07,40.0,46.0,8.57,8.39,Excellent,Medium
736,5.11,0.25,-0.3,72.0,72.0,5.35,5.59,Below Average,Low
737,7.23,0.47,0.219,134.0,42.0,8.97,14.51,Good,Low
738,6.33,0.56,1.11,40.0,112.0,5.52,5.23,Average,High
739,6.08,0.45,0.11,128.0,64.0,7.49,10.32,Average,Low
740,9.44,0.42,0.475,70.0,74.0,9.18,8.93,Excellent,High
741,5.25,0.34,0.69,44.0,24.0,6.84,9.76,Below Average,Low
742,8.32,0.4,0.8,44.0,102.0,9.0,9.29,Good,Medium
743,5.14,0.19,0.029,84.0,24.0,5.51,6.8,Below Average,Low
744,8.4,0.45,0.55,68.0,100.0,9.16,9.68,Good,Medium
745,5.88,0.23,0.47,38.0,112.0,5.91,5.92,Average,High
746,6.32,0.52,0.39,86.0,68.0,8.2,10.57,Average,Low
747,7.45,0.21,0.077,118.0,50.0,8.82,12.05,Good,Low
748,8.99,0.25,0.04,122.0,100.0,8.46,7.81,Excellent,High
749,7.15,0.32,-0.058,98.0,98.0,7.86,8.57,Good,Low
750,6.81,0.55,0.274,120.0,48.0,7.43,8.98,Average,Low
751,6.73,0.09,-0.18,42.0,104.0,6.87,6.93,Average,Medium
752,9.64,0.31,0.092,104.0,98.0,9.22,8.78,Excellent,High
753,6.46,0.3,-0.107,114.0,20.0,7.77,15.26,Average,Low
754,4.03,0.09,0.17,38.0,80.0,5.36,5.99,Below Average,Low
755,5.83,0.51,0.305,116.0,68.0,7.18,9.49,Average,Low
756,8.93,0.64,0.345,106.0,50.0,9.55,10.87,Excellent,Low
757,5.61,0.27,-0.063,108.0,84.0,6.55,7.76,Average,Low
758,6.67,0.23,0.115,108.0,24.0,6.8,7.39,Average,Medium
759,8.25,0.32,-0.007,112.0,46.0,8.17,7.96,Good,Medium
760,5.43,0.3,0.079,112.0,68.0,5.98,6.88,Below Average,Low
761,9.21,0.35,-0.239,98.0,56.0,9.42,9.79,Excellent,Low
762,5.21,0.17,0.013,144.0,88.0,6.63,8.95,Below Average,Low
763,6.4,0.75,-0.351,134.0,42.0,8.24,14.09,Average,Low
764,5.35,0.06,-0.12,48.0,48.0,5.44,5.53,Below Average,Medium
765,9.29,0.2,0.39,40.0,70.0,9.98,10.38,Excellent,Low
766,6.77,0.27,0.063,110.0,92.0,7.61,8.61,Average,Low
767,8.42,0.55,0.156,138.0,66.0,7.46,5.45,Good,High
768,6.68,0.34,-0.195,78.0,22.0,8.46,14.77,Average,Low
769,9.21,0.33,-0.275,72.0,46.0,9.04,8.78,Excellent,Medium
770,8.76,0.49,0.21,70.0,90.0,8.72,8.69,Excellent,Medium
771,7.61,0.32,0.32,68.0,42.0,6.92,5.8,Good,High
772,8.27,0.12,0.23,36.0,108.0,8.43,8.48,Good,Medium
773,8.96,0.18,0.144,82.0,60.0,8.26,7.3,Excellent,High
774,6.07,0.32,-0.395,70.0,20.0,8.0,14.75,Average,Low
775,7.27,0.45,0.54,64.0,102.0,9.05,10.17,Good,Low
776,6.22,0.28,0.325,66.0,42.0,7.1,8.49,Average,Low
777,4.84,0.41,-0.37,64.0,108.0,5.57,6.0,Below Average,Low
778,7.31,0.03,0.07,42.0,96.0,7.78,7.99,Good,Medium
779,4.48,0.61,-0.289,88.0,48.0,6.04,8.89,Below Average,Low
780,4.97,0.19,0.002,136.0,120.0,5.03,5.09,Below Average,Medium
781,7.25,0.4,-0.23,92.0,88.0,6.29,5.29,Good,High
782,4.45,0.22,-0.265,64.0,42.0,5.14,6.19,Below Average,Low
783,7.33,0.39,0.34,72.0,22.0,7.91,9.8,Good,Low
784,6.62,0.41,0.261,106.0,20.0,6.17,3.79,Average,High
785,7.99,0.39,0.226,84.0,64.0,9.35,11.13,Good,Low
786,4.83,0.43,-0.014,130.0,74.0,5.05,5.43,Below Average,Medium
787,7.19,0.23,-0.143,86.0,64.0,8.24,9.65,Good,Low
788,4.89,0.04,0.09,50.0,38.0,5.75,6.89,Below Average,Low
789,8.68,0.29,-0.096,114.0,114.0,8.87,9.06,Excellent,Medium
790,6.41,0.08,-0.16,42.0,106.0,5.49,5.13,Average,High
791,7.31,0.42,0.078,128.0,50.0,7.66,8.55,Good,Low
792,8.69,0.35,0.007,130.0,66.0,8.99,9.59,Excellent,Low
793,8.21,0.08,0.16,50.0,112.0,9.88,10.62,Good,Low
794,6.71,0.29,0.57,50.0,18.0,8.39,13.07,Average,Low
795,8.5,0.4,0.058,134.0,74.0,9.32,10.81,Good,Low
796,6.66,0.35,0.395,66.0,86.0,6.34,6.09,Average,High
797,6.8,0.0,0.01,40.0,62.0,6.76,6.73,Average,Medium
798,8.82,0.17,-0.35,38.0,58.0,9.72,10.31,Excellent,Low
799,5.17,0.29,0.068,138.0,58.0,6.0,7.98,Below Average,Low
800,4.73,0.28,-0.066,90.0,70.0,5.07,5.51,Below Average,Low
801,9.26,0.2,0.245,68.0,62.0,9.78,10.35,Excellent,Low
802,7.21,0.53,0.434,98.0,22.0,6.5,3.34,Good,High
803,4.83,0.18,-0.056,106.0,84.0,6.53,8.68,Below Average,Low
804,9.35,0.53,0.298,124.0,26.0,9.63,10.97,Excellent,Low
805,8.98,0.56,0.165,114.0,42.0,9.63,11.4,Excellent,Low
806,7.8,0.11,0.22,40.0,112.0,7.14,6.9,Good,High
807,9.26,0.36,-0.71,44.0,86.0,8.34,7.87,Excellent,Medium
808,8.03,0.4,-0.269,114.0,22.0,8.83,12.99,Good,Low
809,9.6,0.2,-0.02,110.0,40.0,9.89,10.69,Excellent,Low
810,8.48,0.21,-0.41,48.0,26.0,8.81,9.41,Good,Low
811,9.75,0.2,0.005,142.0,26.0,9.53,8.34,Excellent,High
812,5.61,0.35,-0.012,100.0,70.0,7.34,9.81,Average,Low
813,5.49,0.27,-0.171,114.0,62.0,6.18,7.45,Below Average,Low
814,6.95,0.15,0.066,116.0,20.0,7.09,7.9,Average,Medium
815,7.68,0.35,0.12,114.0,26.0,7.85,8.62,Good,Medium
816,9.35,0.27,0.245,58.0,58.0,8.65,7.95,Excellent,High
817,6.15,0.11,0.12,76.0,114.0,6.43,6.62,Average,Medium
818,6.86,0.57,0.217,112.0,110.0,8.77,10.71,Average,Low
819,9.25,0.53,1.06,44.0,38.0,8.86,8.41,Excellent,High
820,6.02,0.29,-0.355,66.0,110.0,5.55,5.27,Average,Medium
821,7.85,0.18,-0.067,92.0,48.0,8.1,8.58,Good,Medium
822,6.11,0.67,0.355,86.0,98.0,5.17,4.34,Average,High
823,6.36,0.32,-0.395,72.0,36.0,6.19,5.84,Average,Medium
824,5.14,0.36,0.113,130.0,42.0,7.04,12.91,Below Average,Low
825,8.28,0.39,-0.183,136.0,24.0,9.05,13.39,Good,Low
826,7.03,0.11,-0.13,66.0,44.0,7.25,7.57,Good,Medium
827,4.54,0.35,-0.135,70.0,44.0,5.6,7.29,Below Average,Low
828,8.18,0.49,0.27,104.0,22.0,7.94,6.8,Good,High
829,9.17,0.5,-0.41,84.0,104.0,9.88,10.45,Excellent,Low
830,4.9,0.29,-0.001,128.0,48.0,6.62,11.22,Below Average,Low
831,9.0,0.42,-0.05,140.0,18.0,8.07,0.87,Excellent,High
832,6.41,0.4,0.248,84.0,40.0,8.22,12.01,Average,Low
833,9.24,0.25,0.035,132.0,96.0,8.75,8.08,Excellent,High
834,8.05,0.37,0.395,68.0,50.0,8.36,8.78,Good,Medium
835,5.99,0.3,-0.022,112.0,44.0,7.79,12.37,Average,Low
836,6.97,0.53,-0.645,64.0,40.0,7.92,9.43,Average,Low
837,8.38,0.42,0.102,134.0,22.0,8.41,8.56,Good,Medium
838,5.1,0.33,-0.073,130.0,86.0,6.72,9.17,Below Average,Low
839,5.66,0.17,0.35,44.0,88.0,6.43,6.82,Average,Medium
840,7.26,0.08,0.085,64.0,38.0,7.78,8.66,Good,Low
841,5.61,0.59,0.273,142.0,106.0,7.46,9.94,Average,Low
842,8.75,0.3,0.162,124.0,48.0,9.48,11.36,Excellent,Low
843,5.09,0.28,0.134,84.0,120.0,6.11,6.82,Below Average,Low
844,7.12,0.15,0.004,82.0,62.0,8.07,9.33,Good,Low
845,4.66,0.26,-0.108,92.0,58.0,5.34,6.42,Below Average,Low
846,7.55,0.09,-0.18,40.0,22.0,8.46,10.11,Good,Low
847,7.91,0.0,-0.0,38.0,86.0,8.13,8.23,Good,Medium
848,4.81,0.22,-0.109,80.0,44.0,5.29,6.17,Below Average,Low
849,5.47,0.5,0.265,138.0,82.0,5.03,4.29,Below Average,High
850,6.12,0.19,-0.058,94.0,38.0,6.3,6.74,Average,Medium
851,6.57,0.53,1.05,42.0,52.0,5.98,5.5,Average,High
852,5.63,0.18,-0.095,84.0,22.0,6.23,8.54,Average,Low
853,5.59,0.21,0.18,70.0,104.0,6.66,7.38,Average,Low
854,6.48,0.06,0.055,62.0,100.0,7.61,8.31,Average,Low
855,6.55,0.43,0.235,54.0,124.0,6.44,6.39,Average,Medium
856,8.7,0.57,0.273,134.0,18.0,9.25,13.37,Excellent,Low
857,8.39,0.33,0.128,142.0,68.0,9.47,11.72,Good,Low
858,4.95,0.45,-0.182,128.0,116.0,5.9,6.95,Below Average,Low
859,9.44,0.26,-0.115,102.0,70.0,9.39,9.32,Excellent,Medium
860,7.93,0.11,0.075,64.0,86.0,8.16,8.33,Good,Medium
861,7.9,0.68,0.414,108.0,18.0,8.84,14.49,Good,Low
862,9.04,0.29,-0.08,104.0,24.0,8.19,4.5,Excellent,High
863,5.42,0.54,-0.255,126.0,42.0,6.56,9.99,Below Average,Low
864,6.24,0.45,0.9,38.0,68.0,6.25,6.26,Average,High
865,6.92,0.16,0.185,64.0,42.0,6.56,6.02,Average,High
866,6.65,0.18,-0.065,64.0,66.0,7.52,8.37,Average,Low
867,4.8,0.17,-0.011,120.0,112.0,6.49,8.3,Below Average,Low
868,4.5,0.42,-0.142,128.0,64.0,5.19,6.58,Below Average,Low
869,8.4,0.21,0.005,58.0,102.0,7.49,6.97,Good,High
870,7.15,0.25,0.51,44.0,48.0,9.0,10.7,Good,Low
871,5.66,0.58,-0.328,108.0,18.0,7.42,17.99,Average,Low
872,4.81,0.29,0.131,128.0,36.0,5.34,7.24,Below Average,Low
873,5.78,0.25,0.26,78.0,106.0,7.61,8.96,Average,Low
874,6.43,0.26,-0.265,60.0,62.0,6.55,6.67,Average,Medium
875,5.96,0.32,-0.15,116.0,70.0,6.93,8.55,Average,Low
876,7.03,0.48,0.57,66.0,22.0,8.85,14.31,Good,Low
877,6.0,0.24,0.155,68.0,66.0,7.2,8.44,Average,Low
878,6.6,0.25,-0.038,132.0,42.0,5.64,2.63,Average,High
879,7.33,0.46,-0.214,108.0,44.0,7.76,8.82,Good,Low
880,7.31,0.4,0.26,100.0,86.0,8.51,9.9,Good,Low
881,6.67,0.42,-0.133,138.0,24.0,6.96,8.64,Average,Low
882,5.68,0.19,0.38,50.0,22.0,5.1,3.78,Average,High
883,8.71,0.12,-0.23,44.0,102.0,9.58,9.96,Excellent,Low
884,7.53,0.51,-0.395,66.0,46.0,6.54,5.12,Good,High
885,8.14,0.65,0.314,86.0,60.0,8.57,9.19,Good,Medium
886,5.11,0.46,0.298,92.0,88.0,5.76,6.44,Below Average,Medium
887,8.09,0.21,0.125,64.0,82.0,8.47,8.76,Good,Medium
888,6.15,0.26,-0.01,72.0,102.0,6.52,6.78,Average,Medium
889,7.7,0.29,0.006,122.0,76.0,9.4,12.12,Good,Low
890,5.14,0.15,-0.29,40.0,22.0,6.38,8.64,Below Average,Low
891,6.04,0.28,0.116,102.0,104.0,5.41,4.79,Average,High
892,7.54,0.37,0.013,122.0,60.0,9.14,12.4,Good,Low
893,7.59,0.49,0.196,114.0,76.0,7.56,7.52,Good,Medium
894,4.06,0.63,-0.317,128.0,94.0,5.93,8.47,Below Average,Low
895,6.28,0.24,0.061,88.0,112.0,5.68,5.21,Average,High
896,8.96,0.04,-0.07,40.0,84.0,8.43,8.18,Excellent,High
897,7.2,0.49,-0.232,122.0,26.0,8.98,17.33,Good,Low
898,6.18,0.45,-0.11,120.0,40.0,5.25,2.46,Average,High
899,9.36,0.38,0.164,126.0,24.0,8.87,6.3,Excellent,High
900,5.26,0.26,-0.218,80.0,122.0,6.2,6.82,Below Average,Low
901,4.77,0.54,-0.459,88.0,78.0,5.52,6.36,Below Average,Low
902,7.31,0.09,0.18,38.0,62.0,7.07,6.93,Good,High
903,5.58,0.25,-0.066,136.0,22.0,6.79,14.27,Average,Low
904,7.66,0.2,0.042,84.0,104.0,6.74,6.0,Good,High
905,6.46,0.09,0.19,36.0,42.0,6.06,5.72,Average,High
906,5.13,0.69,0.362,118.0,86.0,6.5,8.38,Below Average,Low
907,7.14,0.0,-0.01,36.0,112.0,7.33,7.39,Good,Medium
908,6.13,0.19,-0.093,82.0,84.0,7.86,9.54,Average,Low
909,5.08,0.13,0.11,62.0,22.0,5.94,8.38,Below Average,Low
910,6.27,0.13,-0.27,46.0,48.0,5.72,5.2,Average,Medium
911,6.01,0.18,0.081,88.0,52.0,6.97,8.6,Average,Low
912,6.0,0.17,-0.35,48.0,36.0,5.54,4.93,Average,Medium
913,8.85,0.21,-0.08,84.0,86.0,9.01,9.17,Excellent,Medium
914,7.8,0.13,-0.07,86.0,84.0,8.74,9.7,Good,Low
915,4.79,0.64,-0.27,110.0,24.0,5.29,7.6,Below Average,Low
916,7.67,0.1,-0.075,68.0,72.0,7.68,7.69,Good,Medium
917,5.8,0.67,0.285,126.0,116.0,7.27,8.86,Average,Low
918,6.78,0.56,-0.191,134.0,106.0,7.67,8.79,Average,Low
919,9.11,0.57,0.362,110.0,56.0,9.86,11.33,Excellent,Low
920,7.53,0.39,0.122,132.0,102.0,9.2,11.37,Good,Low
921,7.13,0.23,-0.058,104.0,64.0,8.75,11.38,Good,Low
922,4.16,0.29,-0.099,84.0,92.0,5.24,6.23,Below Average,Low
923,6.17,0.55,0.373,104.0,108.0,6.86,7.52,Average,Medium
924,7.75,0.47,0.055,126.0,94.0,8.83,10.28,Good,Low
925,8.51,0.59,0.345,110.0,58.0,9.11,10.25,Excellent,Low
926,5.54,0.27,-0.315,66.0,46.0,7.14,9.43,Average,Low
927,5.72,0.42,-0.83,42.0,92.0,5.2,4.96,Average,Low
928,6.38,0.22,0.275,66.0,124.0,8.15,9.09,Average,Low
929,5.9,0.43,-0.86,40.0,52.0,5.93,5.95,Average,Low
930,7.28,0.39,-0.054,116.0,42.0,8.24,10.89,Good,Low
931,8.26,0.38,-0.096,128.0,18.0,9.95,21.99,Good,Low
932,9.13,0.45,-0.027,140.0,72.0,9.3,9.63,Excellent,Medium
933,5.68,0.24,0.48,42.0,18.0,5.57,5.31,Average,High
934,5.1,0.36,0.068,100.0,88.0,5.48,5.91,Below Average,Medium
935,5.21,0.12,-0.05,58.0,100.0,5.72,6.02,Below Average,Medium
936,5.27,0.51,0.055,126.0,60.0,5.39,5.64,Below Average,Medium
937,7.27,0.17,-0.34,52.0,68.0,7.9,8.38,Good,Low
938,8.3,0.12,0.25,38.0,26.0,9.6,11.5,Good,Low
939,6.5,0.63,-0.357,104.0,64.0,7.57,9.32,Average,Low
940,6.66,0.25,0.122,92.0,122.0,8.16,9.29,Average,Low
941,6.79,0.29,0.345,72.0,102.0,6.44,6.19,Average,High
942,8.34,0.38,0.075,104.0,68.0,8.4,8.5,Good,Medium
943,7.25,0.41,0.057,86.0,76.0,8.35,9.6,Good,Low
944,7.8,0.21,0.41,42.0,98.0,8.36,8.6,Good,Medium
945,4.88,0.16,-0.32,50.0,94.0,5.06,5.16,Below Average,Low
946,4.94,0.11,0.016,112.0,70.0,6.75,9.65,Below Average,Low
947,7.84,0.34,0.28,58.0,36.0,8.96,10.76,Good,Low
948,4.92,0.08,0.16,44.0,38.0,5.98,7.2,Below Average,Low
949,6.57,0.58,0.595,56.0,94.0,7.84,8.59,Average,Low
950,6.12,0.22,0.047,140.0,106.0,5.91,5.64,Average,Medium
951,6.6,0.42,0.158,124.0,44.0,5.79,3.51,Average,High
952,6.43,0.56,0.341,94.0,36.0,5.79,4.12,Average,High
953,9.04,0.04,0.07,38.0,94.0,9.54,9.74,Excellent,Medium
954,8.25,0.24,-0.055,92.0,48.0,7.36,5.66,Good,High
955,5.64,0.2,0.39,44.0,84.0,5.02,4.69,Average,High
956,5.69,0.52,0.635,66.0,42.0,7.33,9.9,Average,Low
957,6.53,0.04,0.02,68.0,90.0,6.93,7.23,Average,Medium
958,6.81,0.46,0.235,108.0,38.0,6.95,7.36,Average,Medium
959,8.47,0.44,0.378,82.0,106.0,8.58,8.67,Good,Medium
960,5.09,0.34,-0.011,116.0,98.0,6.55,8.27,Below Average,Low
961,7.24,0.22,-0.004,112.0,38.0,9.04,14.34,Good,Low
962,7.35,0.21,-0.26,64.0,84.0,9.05,10.35,Good,Low
963,8.03,0.06,-0.13,42.0,88.0,8.02,8.01,Good,Medium
964,8.56,0.26,-0.024,116.0,70.0,9.2,10.26,Excellent,Low
965,6.32,0.31,0.073,130.0,42.0,7.82,12.46,Average,Low
966,6.51,0.42,0.307,90.0,20.0,6.1,4.28,Average,High
967,5.62,0.23,0.159,102.0,50.0,5.43,5.04,Average,High
968,6.9,0.45,0.093,138.0,20.0,6.41,3.01,Average,High
969,4.79,0.29,-0.04,122.0,68.0,5.88,7.84,Below Average,Low
970,9.49,0.3,0.61,48.0,60.0,9.62,9.72,Excellent,High
971,8.36,0.3,0.6,42.0,64.0,8.32,8.29,Good,High
972,5.59,0.3,-0.226,94.0,60.0,5.63,5.7,Average,Medium
973,7.14,0.25,-0.136,112.0,80.0,6.58,5.8,Good,High
974,5.77,0.44,0.369,94.0,86.0,5.05,4.26,Average,High
975,7.58,0.3,-0.6,44.0,82.0,8.06,8.32,Good,Low
976,8.29,0.21,0.05,68.0,26.0,8.82,10.21,Good,Low
977,7.1,0.47,0.228,132.0,22.0,7.97,13.2,Good,Low
978,5.29,0.38,-0.195,70.0,86.0,6.0,6.58,Below Average,Low
979,9.41,0.33,-0.115,112.0,64.0,9.87,10.67,Excellent,Low
980,5.61,0.69,-0.351,124.0,42.0,5.19,3.95,Average,High
981,6.67,0.7,-0.303,134.0,50.0,6.66,6.64,Average,Medium
982,8.86,0.38,0.088,92.0,60.0,8.97,9.14,Excellent,Medium
983,6.27,0.32,0.095,140.0,56.0,6.45,6.89,Average,Medium
984,4.95,0.34,0.335,62.0,22.0,5.46,6.91,Below Average,Low
985,8.73,0.45,-0.89,48.0,114.0,8.2,7.98,Excellent,Low
986,6.87,0.54,-0.436,82.0,48.0,8.06,10.09,Average,Low
987,8.92,0.14,-0.04,112.0,108.0,9.57,10.24,Excellent,Low
988,6.57,0.63,-0.335,134.0,22.0,7.84,15.59,Average,Low
989,3.8,0.64,-0.325,142.0,64.0,5.04,7.8,Below Average,Low
990,5.5,0.47,-0.435,70.0,64.0,5.59,5.69,Below Average,Low
991,9.74,0.28,0.325,64.0,114.0,8.84,8.34,Excellent,High
992,5.7,0.5,-0.239,88.0,50.0,6.53,8.0,Average,Low
993,7.41,0.47,-0.266,90.0,22.0,8.01,10.48,Good,Low
994,6.76,0.63,0.4,116.0,84.0,8.03,9.78,Average,Low
995,7.3,0.18,0.35,42.0,40.0,9.01,10.81,Good,Low
996,8.41,0.71,0.334,114.0,78.0,9.56,11.24,Good,Low
997,7.73,0.26,-0.066,90.0,88.0,7.56,7.39,Good,Medium
998,9.74,0.23,0.0,126.0,110.0,9.53,9.29,Excellent,Medium
999,8.83,0.45,0.004,110.0,26.0,9.01,9.79,Excellent,Low
1000,4.35,0.32,0.107,132.0,84.0,5.2,6.54,Below Average,Low
1001,8.28,0.38,-0.267,76.0,90.0,7.99,7.74,Good,Medium
1002,5.27,0.21,-0.056,126.0,46.0,6.44,9.63,Below Average,Low
1003,6.77,0.23,-0.185,74.0,84.0,6.58,6.41,Average,Medium
1004,5.29,0.33,0.17,86.0,42.0,5.07,4.62,Below Average,High
1005,8.43,0.17,0.091,94.0,84.0,8.53,8.65,Good,Medium
1006,9.51,0.2,-0.19,74.0,42.0,8.88,7.77,Excellent,High
1007,7.16,0.34,0.206,98.0,68.0,8.38,10.14,Good,Low
1008,6.65,0.37,0.74,44.0,44.0,7.74,8.83,Average,Medium
1009,5.68,0.15,0.3,40.0,90.0,7.5,8.31,Average,Low
1010,6.31,0.15,-0.12,64.0,86.0,5.6,5.07,Average,High
1011,8.28,0.23,-0.061,92.0,78.0,9.48,10.9,Good,Low
1012,6.32,0.57,-0.369,124.0,48.0,6.06,5.38,Average,Medium
1013,9.4,0.31,-0.38,72.0,18.0,9.73,11.04,Excellent,Low
1014,8.82,0.34,0.021,110.0,24.0,9.49,12.56,Excellent,Low
1015,4.74,0.36,0.048,132.0,70.0,5.66,7.4,Below Average,Low
1016,5.92,0.14,-0.07,112.0,88.0,7.37,9.21,Average,Low
1017,6.37,0.25,0.04,66.0,122.0,6.99,7.33,Average,Low
1018,7.64,0.22,-0.106,102.0,50.0,7.9,8.43,Good,Low
1019,8.2,0.27,-0.095,128.0,78.0,9.77,12.35,Good,Low
1020,4.93,0.36,0.195,92.0,66.0,6.72,9.21,Below Average,Low
1021,6.7,0.26,0.101,106.0,40.0,6.68,6.63,Average,Medium
1022,5.16,0.07,-0.14,50.0,116.0,6.67,7.32,Below Average,Low
1023,6.0,0.16,0.039,108.0,42.0,6.0,6.0,Average,Medium
1024,5.45,0.36,0.105,124.0,40.0,5.38,5.17,Below Average,Medium
1025,7.12,0.33,-0.101,132.0,116.0,6.52,5.84,Good,High
1026,9.45,0.41,0.093,130.0,48.0,9.64,10.14,Excellent,Low
1027,4.78,0.32,-0.65,48.0,96.0,6.31,7.08,Below Average,Low
1028,5.62,0.32,0.197,98.0,112.0,6.14,6.6,Average,Medium
1029,5.25,0.3,-0.15,68.0,26.0,5.73,7.0,Below Average,Low
1030,4.84,0.28,0.057,128.0,22.0,6.2,14.1,Below Average,Low
1031,7.6,0.48,0.289,112.0,44.0,8.32,10.15,Good,Low
1032,7.5,0.38,-0.76,46.0,84.0,9.23,10.18,Good,Low
1033,8.64,0.22,-0.025,142.0,18.0,8.44,6.83,Excellent,High
1034,8.53,0.43,0.088,124.0,120.0,7.99,7.43,Excellent,High
1035,9.49,0.11,-0.013,86.0,24.0,9.86,11.17,Excellent,Low
1036,7.41,0.25,0.49,42.0,122.0,9.06,9.63,Good,Low
1037,6.9,0.37,-0.1,60.0,24.0,7.52,9.06,Average,Low
1038,8.58,0.68,0.282,132.0,56.0,8.68,8.91,Excellent,Medium
1039,9.36,0.47,0.355,94.0,20.0,9.19,8.41,Excellent,High
1040,8.82,0.38,-0.295,92.0,26.0,9.19,10.51,Excellent,Low
1041,5.17,0.43,-0.049,142.0,90.0,5.47,5.94,Below Average,Low
1042,8.24,0.41,0.495,64.0,68.0,8.35,8.45,Good,High
1043,8.75,0.57,0.228,128.0,70.0,9.61,11.19,Excellent,Low
1044,8.33,0.31,0.135,72.0,48.0,7.93,7.33,Good,High
1045,8.8,0.32,0.65,46.0,96.0,9.88,10.4,Excellent,Low
1046,4.99,0.64,0.241,118.0,70.0,5.22,5.6,Below Average,Medium
1047,5.15,0.3,0.138,110.0,68.0,7.08,10.2,Below Average,Low
1048,8.57,0.09,-0.019,98.0,60.0,8.05,7.2,Excellent,High
1049,5.21,0.02,0.03,46.0,106.0,6.47,7.01,Below Average,Low
1050,5.63,0.58,-0.376,108.0,70.0,6.65,8.22,Average,Low
1051,5.13,0.36,0.033,130.0,46.0,5.2,5.39,Below Average,Medium
1052,9.59,0.39,0.177,110.0,98.0,9.19,8.74,Excellent,High
1053,6.47,0.74,0.486,118.0,82.0,6.22,5.85,Average,High
1054,9.58,0.23,-0.032,100.0,84.0,9.13,8.6,Excellent,High
1055,4.7,0.14,0.016,84.0,22.0,5.94,10.66,Below Average,Low
1056,5.17,0.31,-0.005,60.0,40.0,5.48,5.94,Below Average,Medium
1057,6.14,0.25,-0.031,122.0,46.0,5.48,3.74,Average,High
1058,6.88,0.19,0.022,108.0,68.0,7.19,7.68,Average,Medium
1059,5.95,0.45,-0.014,80.0,70.0,5.01,3.93,Average,High
1060,7.07,0.16,-0.019,130.0,24.0,7.99,12.99,Good,Low
1061,7.24,0.21,-0.104,88.0,78.0,6.31,5.26,Good,High
1062,7.1,0.25,-0.097,114.0,48.0,8.08,10.41,Good,Low
1063,7.66,0.14,-0.28,46.0,126.0,9.2,9.76,Good,Low
1064,5.88,0.46,0.93,52.0,68.0,6.09,6.25,Average,High
1065,9.7,0.42,0.206,144.0,114.0,9.13,8.41,Excellent,High
1066,5.8,0.23,0.042,90.0,26.0,5.19,3.08,Average,High
1067,6.15,0.36,0.365,70.0,40.0,6.61,7.41,Average,Medium
1068,5.53,0.4,0.045,72.0,94.0,6.9,7.95,Average,Low
1069,4.65,0.2,0.077,134.0,90.0,5.7,7.27,Below Average,Low
1070,5.65,0.27,0.109,112.0,102.0,7.46,9.45,Average,Low
1071,6.1,0.03,-0.04,64.0,64.0,6.25,6.4,Average,Medium
1072,8.93,0.43,-0.53,60.0,46.0,8.34,7.57,Excellent,Medium
1073,4.99,0.27,-0.228,88.0,56.0,5.1,5.27,Below Average,Medium
1074,9.14,0.6,0.261,112.0,114.0,9.5,9.85,Excellent,Medium
1075,7.34,0.62,-0.265,136.0,104.0,6.46,5.3,Good,High
1076,8.11,0.61,0.093,126.0,120.0,9.4,10.75,Good,Low
1077,4.54,0.07,-0.15,42.0,46.0,5.55,6.47,Below Average,Low
1078,6.56,0.36,0.72,42.0,84.0,7.52,8.0,Average,Medium
1079,6.77,0.4,0.275,90.0,60.0,8.08,10.05,Average,Low
1080,8.55,0.16,0.023,114.0,56.0,9.25,10.68,Excellent,Low
1081,9.2,0.18,0.35,40.0,106.0,9.61,9.77,Excellent,Medium
1082,9.58,0.29,0.149,80.0,82.0,9.4,9.23,Excellent,High
1083,7.62,0.08,0.17,44.0,66.0,6.71,6.1,Good,High
1084,9.11,0.22,0.113,106.0,60.0,9.57,10.38,Excellent,Low
1085,5.97,0.66,0.239,126.0,84.0,7.65,10.18,Average,Low
1086,9.21,0.17,0.34,42.0,46.0,9.22,9.23,Excellent,High
1087,6.36,0.47,-0.203,130.0,108.0,7.99,9.95,Average,Low
1088,8.31,0.27,-0.053,120.0,114.0,8.67,9.05,Good,Medium
1089,6.01,0.31,0.385,60.0,112.0,5.77,5.64,Average,High
1090,6.23,0.44,0.515,62.0,18.0,7.9,13.66,Average,Low
1091,6.21,0.2,0.161,90.0,50.0,6.97,8.34,Average,Low
1092,7.5,0.65,0.428,104.0,20.0,8.14,11.48,Good,Low
1093,9.3,0.17,0.33,40.0,96.0,9.56,9.67,Excellent,Medium
1094,7.06,0.37,0.155,132.0,44.0,7.35,8.23,Good,Low
1095,7.56,0.5,0.225,84.0,22.0,9.24,15.64,Good,Low
1096,7.02,0.35,-0.154,106.0,24.0,8.59,15.54,Good,Low
1097,5.6,0.78,0.392,132.0,118.0,6.24,6.96,Average,Medium
1098,5.3,0.24,0.208,86.0,92.0,6.58,7.78,Below Average,Low
1099,6.57,0.49,0.256,106.0,82.0,8.54,11.09,Average,Low
1100,7.45,0.23,0.035,128.0,106.0,6.8,6.01,Good,High
1101,9.06,0.07,-0.14,46.0,72.0,9.89,10.42,Excellent,Low
1102,4.9,0.19,0.38,42.0,50.0,5.75,6.46,Below Average,Medium
1103,6.36,0.43,-0.86,44.0,124.0,7.83,8.35,Average,Low
1104,4.98,0.29,-0.275,64.0,54.0,5.87,6.92,Below Average,Low
1105,5.33,0.47,-0.183,130.0,110.0,7.09,9.17,Below Average,Low
1106,5.47,0.52,-0.362,78.0,68.0,5.23,4.95,Below Average,Medium
1107,6.81,0.37,-0.257,92.0,76.0,6.03,5.08,Average,High
1108,7.6,0.14,0.28,50.0,114.0,6.97,6.7,Good,High
1109,5.99,0.41,0.44,70.0,50.0,7.03,8.48,Average,Low
1110,5.73,0.41,-0.075,96.0,40.0,5.97,6.55,Average,Low
1111,7.11,0.69,0.297,132.0,44.0,7.98,10.58,Good,Low
1112,6.15,0.29,0.151,80.0,42.0,7.7,10.66,Average,Low
1113,8.35,0.54,0.256,142.0,62.0,7.57,5.79,Good,High
1114,5.06,0.06,-0.11,38.0,68.0,6.22,6.87,Below Average,Low
1115,8.21,0.29,-0.141,110.0,88.0,9.14,10.3,Good,Low
1116,6.7,0.22,-0.151,114.0,52.0,8.46,12.33,Average,Low
1117,5.95,0.29,0.233,96.0,80.0,6.38,6.89,Average,Medium
1118,8.19,0.36,0.152,106.0,18.0,7.32,2.18,Good,High
1119,7.59,0.23,0.195,86.0,44.0,7.55,7.47,Good,Medium
1120,9.2,0.13,0.26,46.0,20.0,8.59,7.2,Excellent,High
1121,7.34,0.33,-0.226,88.0,20.0,7.24,6.8,Good,Medium
1122,7.09,0.62,1.24,50.0,40.0,9.01,11.4,Good,Low
1123,8.54,0.47,-0.0,134.0,118.0,8.77,9.03,Excellent,Medium
1124,9.21,0.15,0.04,106.0,42.0,9.38,9.82,Excellent,Medium
1125,9.78,0.22,0.045,66.0,20.0,9.95,10.52,Excellent,Low
1126,7.81,0.26,0.131,126.0,78.0,9.48,12.18,Good,Low
1127,5.42,0.67,0.365,136.0,40.0,5.51,5.8,Below Average,Medium
1128,9.46,0.36,0.34,70.0,40.0,9.28,8.97,Excellent,High
1129,8.84,0.49,0.255,126.0,92.0,7.95,6.73,Excellent,High
1130,6.38,0.36,0.146,98.0,68.0,7.34,8.73,Average,Low
1131,4.83,0.09,0.18,42.0,46.0,6.6,8.22,Below Average,Low
1132,9.38,0.43,0.167,134.0,118.0,9.78,10.24,Excellent,Low
1133,8.93,0.08,0.16,50.0,112.0,8.62,8.48,Excellent,High
1134,4.74,0.55,0.482,100.0,62.0,5.27,6.12,Below Average,Medium
1135,7.0,0.36,0.097,88.0,90.0,7.51,8.01,Average,Low
1136,9.51,0.42,0.166,120.0,18.0,9.42,8.82,Excellent,High
1137,7.85,0.32,-0.136,82.0,44.0,8.17,8.77,Good,Low
1138,6.5,0.48,0.565,64.0,74.0,8.45,10.13,Average,Low
1139,9.17,0.15,-0.089,84.0,108.0,9.03,8.92,Excellent,Medium
1140,9.24,0.22,0.21,62.0,116.0,9.01,8.89,Excellent,High
1141,5.62,0.32,-0.156,102.0,118.0,6.14,6.59,Average,Low
1142,7.33,0.19,-0.095,68.0,106.0,7.77,8.05,Good,Low
1143,8.86,0.43,0.174,108.0,20.0,9.53,13.17,Excellent,Low
1144,7.46,0.42,0.246,88.0,18.0,7.06,5.11,Good,High
1145,6.73,0.41,-0.122,118.0,96.0,8.38,10.4,Average,Low
1146,9.06,0.45,0.168,114.0,26.0,9.99,14.07,Excellent,Low
1147,8.8,0.13,0.155,62.0,64.0,9.48,10.14,Excellent,Low
1148,7.62,0.27,0.093,88.0,110.0,8.54,9.28,Good,Low
1149,7.8,0.32,0.161,120.0,72.0,8.84,10.58,Good,Low
1150,7.47,0.02,-0.04,52.0,24.0,7.85,8.67,Good,Low
1151,6.71,0.22,-0.43,40.0,56.0,5.92,5.35,Average,Medium
1152,6.62,0.95,-0.8,86.0,38.0,6.79,7.19,Average,Low
1153,5.5,0.4,-0.004,86.0,42.0,6.73,9.25,Below Average,Low
1154,9.39,0.24,0.155,68.0,24.0,9.95,11.55,Excellent,Low
1155,7.01,0.63,0.44,74.0,102.0,8.44,9.48,Good,Low
1156,7.51,0.34,0.126,122.0,22.0,7.73,8.93,Good,Low
1157,7.33,0.08,-0.15,50.0,20.0,7.97,9.56,Good,Low
1158,8.82,0.11,0.22,44.0,60.0,8.0,7.4,Excellent,High
1159,6.61,0.44,-0.051,142.0,68.0,7.42,9.12,Average,Low
1160,7.15,0.44,0.215,70.0,110.0,6.18,5.56,Good,High
1161,6.7,0.56,-1.12,44.0,42.0,5.82,4.9,Average,Medium
1162,7.98,0.43,0.236,114.0,110.0,9.8,11.68,Good,Low
1163,5.05,0.41,0.495,76.0,22.0,6.48,11.42,Below Average,Low
1164,7.24,0.51,0.314,102.0,24.0,6.24,2.01,Good,High
1165,6.05,0.21,0.034,116.0,58.0,5.15,3.36,Average,High
1166,6.36,0.55,0.41,92.0,42.0,6.14,5.66,Average,High
1167,6.93,0.14,-0.27,42.0,44.0,8.21,9.44,Average,Low
1168,6.89,0.26,0.169,114.0,118.0,6.64,6.4,Average,High
1169,5.37,0.25,-0.49,42.0,72.0,5.06,4.88,Below Average,Medium
1170,5.62,0.01,-0.03,52.0,18.0,7.46,12.76,Average,Low
1171,7.43,0.1,-0.2,50.0,36.0,8.59,10.2,Good,Low
1172,9.39,0.41,-0.315,90.0,60.0,8.64,7.52,Excellent,High
1173,4.57,0.4,-0.329,80.0,80.0,6.53,8.49,Below Average,Low
1174,5.28,0.21,0.42,38.0,46.0,6.58,7.65,Below Average,Low
1175,9.38,0.34,0.099,104.0,108.0,9.51,9.64,Excellent,Medium
1176,7.11,0.6,-1.21,50.0,48.0,6.33,5.52,Good,Low
1177,4.82,0.28,0.139,132.0,26.0,5.62,9.68,Below Average,Low
1178,4.79,0.32,0.64,44.0,116.0,5.48,5.74,Below Average,Medium
1179,8.01,0.28,0.024,104.0,92.0,7.7,7.35,Good,High
1180,7.52,0.18,0.36,44.0,70.0,6.55,5.94,Good,High
1181,5.3,0.49,0.233,132.0,68.0,5.48,5.82,Below Average,Medium
1182,7.52,0.09,-0.1,74.0,84.0,8.73,9.79,Good,Low
1183,5.6,0.01,-0.02,50.0,20.0,7.07,10.74,Average,Low
1184,6.89,0.2,0.101,92.0,84.0,6.13,5.29,Average,High
1185,6.79,0.52,-0.334,86.0,18.0,5.89,1.58,Average,High
1186,7.56,0.19,0.015,58.0,36.0,7.13,6.44,Good,High
1187,5.24,0.44,0.045,68.0,112.0,6.67,7.54,Below Average,Low
1188,8.93,0.44,0.239,136.0,62.0,8.87,8.74,Excellent,Medium
1189,6.28,0.08,-0.015,54.0,102.0,6.08,5.97,Average,Medium
1190,8.53,0.41,0.171,116.0,18.0,8.14,5.62,Excellent,High
1191,6.36,0.21,0.41,46.0,48.0,6.88,7.38,Average,Medium
1192,4.79,0.25,-0.033,100.0,90.0,5.0,5.23,Below Average,Medium
1193,5.92,0.38,0.245,84.0,68.0,7.36,9.14,Average,Low
1194,6.35,0.16,-0.119,96.0,20.0,6.81,9.02,Average,Low
1195,7.45,0.13,-0.125,60.0,76.0,8.43,9.2,Good,Low
1196,8.62,0.35,-0.06,142.0,84.0,9.24,10.28,Excellent,Low
1197,7.78,0.62,-0.231,126.0,24.0,9.39,17.83,Good,Low
1198,6.95,0.27,0.007,110.0,118.0,8.84,10.6,Average,Low
1199,6.4,0.27,-0.046,138.0,110.0,6.47,6.56,Average,Medium
1200,8.5,0.37,-0.194,86.0,68.0,8.41,8.29,Excellent,Medium
